date,total_onsite_units,expired_units,used_units,newly_added_units,ordered_units,non_expired_inventory,day_of_week,week_of_year,month,used_lag_1,used_lag_2,used_lag_7,used_lag_14,rolling_used_7d_total,rolling_used_7d_avg,rolling_used_30d_total,rolling_used_30d_avg,usage_7d_to_30d_ratio,days_until_stockout_est
2023-01-01,294,0,12,0,0,282,6,52,1,0,0,0,0,0.0,0.0,0.0,0.0,,
2023-01-02,282,0,18,0,0,264,0,1,1,12,0,0,0,12.0,12.0,12.0,12.0,0.9999999166666736,21.0
2023-01-03,264,0,10,0,0,254,1,1,1,18,12,0,0,30.0,15.0,30.0,15.0,0.9999999333333378,16.0
2023-01-04,254,0,13,0,0,241,2,1,1,10,18,0,0,40.0,13.333333333333334,40.0,13.333333333333334,0.9999999250000057,18.0
2023-01-05,241,0,16,0,0,225,3,1,1,13,10,0,0,53.0,13.25,53.0,13.25,0.9999999245283077,16.0
2023-01-06,225,0,21,0,0,204,4,1,1,16,13,0,0,69.0,13.8,69.0,13.8,0.9999999275362372,14.0
2023-01-07,204,0,7,0,0,197,5,1,1,21,16,0,0,90.0,15.0,90.0,15.0,0.9999999333333378,13.0
2023-01-08,197,0,12,0,0,185,6,1,1,7,21,12,0,97.0,13.857142857142858,97.0,13.857142857142858,0.9999999278350568,13.0
2023-01-09,185,0,16,0,0,169,0,2,1,12,7,18,0,97.0,13.857142857142858,109.0,13.625,1.01703793321871,12.0
2023-01-10,169,0,17,0,0,152,1,2,1,16,12,10,0,95.0,13.571428571428571,125.0,13.88888888888889,0.9771427867885765,11.0
2023-01-11,152,0,28,0,0,124,2,2,1,17,16,13,0,102.0,14.571428571428571,142.0,14.2,1.0261568693853311,8.0
2023-01-12,124,0,19,0,0,105,3,2,1,28,17,16,0,117.0,16.714285714285715,170.0,15.454545454545455,1.081512535061794,6.0
2023-01-13,105,0,13,0,322,92,4,2,1,19,28,21,0,120.0,17.142857142857142,189.0,15.75,1.0884353050426563,5.0
2023-01-14,92,0,9,0,298,83,5,2,1,13,19,7,0,112.0,16.0,202.0,15.538461538461538,1.029702904029021,5.0
2023-01-15,83,0,9,0,281,74,6,2,1,9,13,12,12,114.0,16.285714285714285,211.0,15.071428571428571,1.080568648682649,4.0
2023-01-16,396,0,16,322,0,380,0,3,1,9,9,16,18,111.0,15.857142857142858,220.0,14.666666666666666,1.0811687574527797,23.0
2023-01-17,678,0,10,298,0,668,1,3,1,16,9,17,10,111.0,15.857142857142858,236.0,14.75,1.0750604598021964,42.0
2023-01-18,949,1,18,281,0,930,2,3,1,10,16,28,13,104.0,14.857142857142858,246.0,14.470588235294118,1.026713053322385,62.0
2023-01-19,930,0,14,0,0,916,3,3,1,18,10,19,16,94.0,13.428571428571429,264.0,14.666666666666666,0.9155843531582097,68.0
2023-01-20,916,0,17,0,0,899,4,3,1,14,18,13,21,89.0,12.714285714285714,278.0,14.631578947368421,0.8689619138890367,70.0
2023-01-21,899,0,11,0,0,888,5,3,1,17,14,9,7,93.0,13.285714285714286,295.0,14.75,0.9007263311856242,66.0
2023-01-22,888,0,6,0,0,882,6,3,1,11,17,9,12,95.0,13.571428571428571,306.0,14.571428571428571,0.9313724851018883,64.0
2023-01-23,882,1,13,0,0,868,0,4,1,6,11,16,16,92.0,13.142857142857142,312.0,14.181818181818182,0.9267398613928852,66.0
2023-01-24,868,0,23,0,0,845,1,4,1,13,6,10,17,89.0,12.714285714285714,325.0,14.130434782608695,0.8997801561034703,66.0
2023-01-25,845,1,13,0,0,831,2,4,1,23,13,18,28,102.0,14.571428571428571,348.0,14.5,1.0049260390691401,57.0
2023-01-26,831,0,12,0,0,819,3,4,1,13,23,14,19,97.0,13.857142857142858,361.0,14.44,0.9596358654783237,59.0
2023-01-27,819,1,16,0,0,802,4,4,1,12,13,17,13,95.0,13.571428571428571,373.0,14.346153846153847,0.9459976360890197,59.0
2023-01-28,802,0,4,0,0,798,5,4,1,16,12,11,9,94.0,13.428571428571429,389.0,14.407407407407407,0.932060162996926,59.0
2023-01-29,798,1,9,0,0,788,6,4,1,4,16,6,9,87.0,12.428571428571429,393.0,14.035714285714286,0.8854961201173248,63.0
2023-01-30,788,0,16,0,0,772,0,5,1,9,4,13,16,90.0,12.857142857142858,402.0,13.862068965517242,0.9275052635808215,60.0
2023-01-31,772,1,22,0,0,749,1,5,1,16,9,23,10,93.0,13.285714285714286,418.0,13.933333333333334,0.9535200956120233,56.0
2023-02-01,749,0,26,0,0,723,2,5,2,22,16,13,18,92.0,13.142857142857142,428.0,14.266666666666667,0.9212282398338015,55.0
2023-02-02,723,1,20,0,0,702,3,5,2,26,22,12,14,105.0,15.0,436.0,14.533333333333333,1.0321100207263747,46.0
2023-02-03,702,2,19,0,0,681,4,5,2,20,26,16,17,113.0,16.142857142857142,446.0,14.866666666666667,1.0858423356736417,42.0
2023-02-04,681,0,10,0,0,671,5,5,2,19,20,4,11,116.0,16.571428571428573,452.0,15.066666666666666,1.0998735047492303,40.0
2023-02-05,671,0,12,0,0,659,6,5,2,10,19,9,6,122.0,17.428571428571427,446.0,14.866666666666667,1.172325353559153,37.0
2023-02-06,659,0,16,0,0,643,0,6,2,12,10,16,13,125.0,17.857142857142858,437.0,14.566666666666666,1.2258907298342423,36.0
2023-02-07,643,0,29,0,0,614,1,6,2,16,12,22,23,125.0,17.857142857142858,446.0,14.866666666666667,1.2011530261876568,34.0
2023-02-08,614,0,20,0,0,594,2,6,2,29,16,26,13,132.0,18.857142857142858,463.0,15.433333333333334,1.22184503036487,31.0
2023-02-09,594,0,19,0,0,575,3,6,2,20,29,20,12,126.0,18.0,467.0,15.566666666666666,1.156316842206627,31.0
2023-02-10,575,0,16,0,0,559,4,6,2,19,20,19,16,125.0,17.857142857142858,469.0,15.633333333333333,1.1422478708888053,31.0
2023-02-11,559,0,7,0,0,552,5,6,2,16,19,10,4,122.0,17.428571428571427,457.0,15.233333333333333,1.144107458498729,31.0
2023-02-12,552,0,3,0,0,549,6,6,2,7,16,12,9,119.0,17.0,445.0,14.833333333333334,1.1460673384673705,32.0
2023-02-13,549,0,22,0,0,527,0,7,2,3,7,16,16,110.0,15.714285714285714,435.0,14.5,1.0837437676235826,33.0
2023-02-14,527,1,19,0,0,507,1,7,2,22,3,29,22,116.0,16.571428571428573,448.0,14.933333333333334,1.1096938032411676,30.0
2023-02-15,507,1,17,0,0,489,2,7,2,19,22,20,26,106.0,15.142857142857142,458.0,15.266666666666667,0.9918901408930351,32.0
2023-02-16,489,2,15,0,0,472,3,7,2,17,19,19,20,103.0,14.714285714285714,459.0,15.3,0.961717957684167,32.0
2023-02-17,472,0,14,0,0,458,4,7,2,15,17,16,19,99.0,14.142857142857142,464.0,15.466666666666667,0.9144088078738147,32.0
2023-02-18,458,0,8,0,0,450,5,7,2,14,15,7,10,97.0,13.857142857142858,460.0,15.333333333333334,0.9037266491358397,32.0
2023-02-19,450,0,7,0,0,443,6,7,2,8,14,3,12,98.0,14.0,454.0,15.133333333333333,0.9251100710279689,31.0
2023-02-20,443,0,15,0,0,428,0,8,2,7,8,22,16,102.0,14.571428571428571,444.0,14.8,0.984555918031936,29.0
2023-02-21,428,0,11,0,0,417,1,8,2,15,7,19,29,95.0,13.571428571428571,448.0,14.933333333333334,0.9088009595509562,30.0
2023-02-22,417,0,21,0,0,396,2,8,2,11,15,17,20,87.0,12.428571428571429,453.0,15.1,0.8230841460587605,31.0
2023-02-23,396,0,13,0,0,383,3,8,2,21,11,15,19,91.0,13.0,461.0,15.366666666666667,0.8459869297622389,29.0
2023-02-24,383,1,22,0,0,360,4,8,2,13,21,14,16,89.0,12.714285714285714,451.0,15.033333333333333,0.84573956996981,28.0
2023-02-25,360,0,7,0,0,353,5,8,2,22,13,8,7,97.0,13.857142857142858,460.0,15.333333333333334,0.9037266491358397,25.0
2023-02-26,353,0,6,0,0,347,6,8,2,7,22,7,3,96.0,13.714285714285714,455.0,15.166666666666666,0.9042385589042081,25.0
2023-02-27,347,0,18,0,0,329,0,9,2,6,7,15,22,95.0,13.571428571428571,445.0,14.833333333333334,0.9149277071798335,24.0
2023-02-28,329,0,15,0,0,314,1,9,2,18,6,11,19,98.0,14.0,459.0,15.3,0.9150326199325085,22.0
2023-03-01,314,0,14,0,0,300,2,9,3,15,18,21,17,102.0,14.571428571428571,465.0,15.5,0.940092105247514,20.0
2023-03-02,300,0,13,0,0,287,3,9,3,14,15,13,15,95.0,13.571428571428571,463.0,15.433333333333334,0.8793581657928988,21.0
2023-03-03,287,0,17,0,0,270,4,9,3,13,14,22,14,95.0,13.571428571428571,454.0,15.133333333333333,0.8967903749760924,19.0
2023-03-04,270,0,7,0,0,263,5,9,3,17,13,7,8,90.0,12.857142857142858,445.0,14.833333333333334,0.8667736173282634,20.0
2023-03-05,263,0,7,0,0,256,6,9,3,7,17,6,7,90.0,12.857142857142858,432.0,14.4,0.8928570808531789,19.0
2023-03-06,256,1,24,0,0,231,0,10,3,7,7,18,15,91.0,13.0,420.0,14.0,0.9285713622449028,17.0
2023-03-07,231,0,21,0,0,210,1,10,3,24,7,15,11,97.0,13.857142857142858,434.0,14.466666666666667,0.9578669515628507,15.0
2023-03-08,210,0,18,0,0,192,2,10,3,21,24,14,21,103.0,14.714285714285714,443.0,14.766666666666667,0.9964526896952386,13.0
2023-03-09,192,0,20,0,0,172,3,10,3,18,21,13,13,107.0,15.285714285714286,445.0,14.833333333333334,1.030497522823602,11.0
2023-03-10,172,0,30,0,0,142,4,10,3,20,18,17,22,114.0,16.285714285714285,436.0,14.533333333333333,1.1205765939314924,8.0
2023-03-11,142,0,12,0,0,130,5,10,3,30,20,7,7,127.0,18.142857142857142,446.0,14.866666666666667,1.2203714746066592,7.0
2023-03-12,130,1,16,0,0,113,6,10,3,12,30,7,6,132.0,18.857142857142858,439.0,14.633333333333333,1.28864293178815,5.0
2023-03-13,113,0,19,0,347,94,0,11,3,16,12,24,18,141.0,20.142857142857142,439.0,14.633333333333333,1.3765049498646147,4.0
2023-03-14,94,0,20,0,377,74,1,11,3,19,16,21,15,136.0,19.428571428571427,451.0,15.033333333333333,1.292366084448249,3.0
2023-03-15,74,0,27,0,379,47,2,11,3,20,19,18,14,135.0,19.285714285714285,468.0,15.6,1.2362636570160659,2.0
2023-03-16,394,0,14,347,0,380,3,11,3,27,20,20,13,144.0,20.571428571428573,473.0,15.766666666666667,1.3047416871048765,18.0
2023-03-17,757,1,15,377,0,741,4,11,3,14,27,30,17,138.0,19.714285714285715,468.0,15.6,1.2637361827275342,37.0
2023-03-18,1120,0,18,379,0,1102,5,11,3,15,14,12,7,123.0,17.571428571428573,466.0,15.533333333333333,1.1312077751215106,62.0
2023-03-19,1102,1,14,0,0,1087,6,11,3,18,15,16,7,129.0,18.428571428571427,469.0,15.633333333333333,1.1787998027572468,58.0
2023-03-20,1087,0,20,0,0,1067,0,12,3,14,18,19,24,127.0,18.142857142857142,469.0,15.633333333333333,1.160523836823026,58.0
2023-03-21,1067,0,21,0,0,1046,1,12,3,20,14,20,21,128.0,18.285714285714285,481.0,16.033333333333335,1.1404810693492649,57.0
2023-03-22,1046,1,22,0,0,1023,2,12,3,21,20,27,18,129.0,18.428571428571427,495.0,16.5,1.116883049193235,55.0
2023-03-23,1023,3,18,0,0,1002,3,12,3,22,21,14,20,124.0,17.714285714285715,502.0,16.733333333333334,1.058622588983852,56.0
2023-03-24,1002,2,16,0,0,984,4,12,3,18,22,15,30,128.0,18.285714285714285,509.0,16.966666666666665,1.0777434110788335,53.0
2023-03-25,984,1,8,0,0,975,5,12,3,16,18,18,12,129.0,18.428571428571427,504.0,16.8,1.0969387102162331,52.0
2023-03-26,975,0,7,0,0,968,6,12,3,8,16,14,16,119.0,17.0,499.0,16.633333333333333,1.02204402673082,56.0
2023-03-27,968,1,15,0,0,952,0,13,3,7,8,20,19,112.0,16.0,484.0,16.133333333333333,0.9917354757188754,59.0
2023-03-28,952,0,24,0,0,928,1,13,3,15,7,21,20,107.0,15.285714285714286,492.0,16.4,0.9320556922962557,60.0
2023-03-29,928,0,19,0,0,909,2,13,3,24,15,22,27,110.0,15.714285714285714,510.0,17.0,0.9243696935244717,57.0
2023-03-30,909,0,13,0,0,896,3,13,3,19,24,18,14,107.0,15.285714285714286,511.0,17.033333333333335,0.8974000032278443,58.0
2023-03-31,896,0,13,0,0,883,4,13,3,13,19,16,15,102.0,14.571428571428571,509.0,16.966666666666665,0.8588267807034454,60.0
2023-04-01,883,0,8,0,0,875,5,13,4,13,13,8,18,99.0,14.142857142857142,508.0,16.933333333333334,0.8352080496643164,61.0
2023-04-02,875,0,9,0,0,866,6,13,4,8,13,7,14,99.0,14.142857142857142,503.0,16.766666666666666,0.8435103160644231,61.0
2023-04-03,866,0,12,0,0,854,0,14,4,9,8,15,20,101.0,14.428571428571429,495.0,16.5,0.8744588214613701,59.0
2023-04-04,854,0,18,0,0,836,1,14,4,12,9,24,21,98.0,14.0,500.0,16.666666666666668,0.8399999496000029,59.0
2023-04-05,836,0,21,0,0,815,2,14,4,18,12,19,22,92.0,13.142857142857142,511.0,17.033333333333335,0.7715962644575857,62.0
2023-04-06,815,1,25,0,0,789,3,14,4,21,18,13,18,94.0,13.428571428571429,508.0,16.933333333333334,0.7930258249337955,58.0
2023-04-07,789,0,21,0,0,768,4,14,4,25,21,13,16,106.0,15.142857142857142,512.0,17.066666666666666,0.8872767337254145,50.0
2023-04-08,768,0,4,0,0,764,5,14,4,21,25,8,8,114.0,16.285714285714285,515.0,17.166666666666668,0.9486823303125409,46.0
2023-04-09,764,0,8,0,0,756,6,14,4,4,21,9,7,110.0,15.714285714285714,499.0,16.633333333333333,0.94474657933101,48.0
2023-04-10,756,0,22,0,0,734,0,15,4,8,4,12,15,109.0,15.571428571428571,477.0,15.9,0.979335068685126,47.0
2023-04-11,734,0,17,0,0,717,1,15,4,22,8,18,24,119.0,17.0,487.0,16.233333333333334,1.047227861567072,42.0
2023-04-12,717,0,17,0,0,700,2,15,4,17,22,21,19,118.0,16.857142857142858,488.0,16.266666666666666,1.0362997021010136,41.0
2023-04-13,700,0,11,0,0,689,3,15,4,17,17,25,13,114.0,16.285714285714285,486.0,16.2,1.0052909432360086,42.0
2023-04-14,689,1,23,0,0,665,4,15,4,11,17,21,13,100.0,14.285714285714286,477.0,15.9,0.8984725400780973,46.0
2023-04-15,665,1,1,0,0,663,5,15,4,23,11,4,8,102.0,14.571428571428571,473.0,15.766666666666667,0.924192028365954,45.0
2023-04-16,663,2,14,0,0,647,6,15,4,1,23,8,9,99.0,14.142857142857142,460.0,15.333333333333334,0.9223601882932796,45.0
2023-04-17,647,0,18,0,0,629,0,16,4,14,1,22,12,105.0,15.0,459.0,15.3,0.9803920927848305,41.0
2023-04-18,629,0,20,0,0,609,1,16,4,18,14,17,18,101.0,14.428571428571429,459.0,15.3,0.9430438225835037,42.0
2023-04-19,609,0,23,0,0,586,2,16,4,20,18,17,21,104.0,14.857142857142858,465.0,15.5,0.958525283781779,39.0
2023-04-20,586,0,20,0,0,566,3,16,4,23,20,11,25,110.0,15.714285714285714,468.0,15.6,1.0073259427538315,36.0
2023-04-21,566,0,23,0,0,543,4,16,4,20,23,23,21,119.0,17.0,467.0,15.566666666666666,1.092077017639592,31.0
2023-04-22,543,0,16,0,0,527,5,16,4,23,20,1,4,119.0,17.0,468.0,15.6,1.089743519888236,30.0
2023-04-23,527,0,9,0,0,518,6,16,4,16,23,14,8,134.0,19.142857142857142,466.0,15.533333333333333,1.232372698099857,27.0
2023-04-24,518,0,18,0,0,500,0,17,4,9,16,18,22,129.0,18.428571428571427,459.0,15.3,1.2044817139927917,27.0
2023-04-25,500,0,18,0,0,482,1,17,4,18,9,20,17,129.0,18.428571428571427,469.0,15.633333333333333,1.1787998027572468,26.0
2023-04-26,482,0,16,0,0,466,2,17,4,18,18,23,17,127.0,18.142857142857142,480.0,16.0,1.13392850055804,25.0
2023-04-27,466,0,25,0,0,441,3,17,4,16,18,20,11,120.0,17.142857142857142,481.0,16.033333333333335,1.0692010025149359,25.0
2023-04-28,441,0,20,0,0,421,4,17,4,25,16,23,23,125.0,17.857142857142858,482.0,16.066666666666666,1.111440357616338,23.0
2023-04-29,421,0,11,0,0,410,5,17,4,20,25,16,1,122.0,17.428571428571427,483.0,16.1,1.0825198972702812,23.0
2023-04-30,410,0,10,0,0,400,6,17,4,11,20,9,14,117.0,16.714285714285715,481.0,16.033333333333335,1.0424709774520624,23.0
2023-05-01,400,0,25,0,0,375,0,18,5,10,11,18,18,118.0,16.857142857142858,478.0,15.933333333333334,1.0579796108261452,22.0
2023-05-02,375,0,11,0,0,364,1,18,5,25,10,18,20,125.0,17.857142857142858,495.0,16.5,1.0822510166601116,20.0
2023-05-03,364,0,17,0,0,347,2,18,5,11,25,16,23,118.0,16.857142857142858,497.0,16.566666666666666,1.0175337126524635,20.0
2023-05-04,347,0,19,0,0,328,3,18,5,17,11,25,20,119.0,17.0,502.0,16.733333333333334,1.015936194266761,19.0
2023-05-05,328,0,27,0,0,301,4,18,5,19,17,20,23,113.0,16.142857142857142,503.0,16.766666666666666,0.9627946031846445,18.0
2023-05-06,301,0,5,0,0,296,5,18,5,27,19,11,16,120.0,17.142857142857142,509.0,16.966666666666665,1.0103844478864064,17.0
2023-05-07,296,0,8,0,0,288,6,18,5,5,27,10,9,114.0,16.285714285714285,489.0,16.3,0.9991235145147711,17.0
2023-05-08,288,0,17,0,0,271,0,19,5,8,5,25,18,112.0,16.0,476.0,15.866666666666667,1.0084032977897082,16.0
2023-05-09,271,0,22,0,0,249,1,19,5,17,8,11,18,104.0,14.857142857142858,489.0,16.3,0.9114811009608439,16.0
2023-05-10,249,0,20,0,0,229,2,19,5,22,17,17,16,115.0,16.428571428571427,503.0,16.766666666666666,0.9798352156303903,13.0
2023-05-11,229,0,23,0,0,206,3,19,5,20,22,19,25,118.0,16.857142857142858,501.0,16.7,1.009409691481028,12.0
2023-05-12,206,0,16,0,0,190,4,19,5,23,20,27,20,122.0,17.428571428571427,507.0,16.9,1.031276354869531,10.0
2023-05-13,190,0,6,0,0,184,5,19,5,16,23,5,11,111.0,15.857142857142858,506.0,16.866666666666667,0.9401467539721009,11.0
2023-05-14,184,0,4,0,0,180,6,19,5,6,16,8,10,112.0,16.0,501.0,16.7,0.9580837749650434,11.0
2023-05-15,180,0,11,0,0,169,0,20,5,4,6,17,25,108.0,15.428571428571429,482.0,16.066666666666666,0.9602844689805161,10.0
2023-05-16,169,0,24,0,0,145,1,20,5,11,4,22,11,102.0,14.571428571428571,492.0,16.4,0.8885016879833466,9.0
2023-05-17,145,0,20,0,0,125,2,20,5,24,11,20,17,104.0,14.857142857142858,502.0,16.733333333333334,0.8878770101154888,8.0
2023-05-18,125,0,11,0,0,114,3,20,5,20,24,23,19,104.0,14.857142857142858,504.0,16.8,0.884353688856498,7.0
2023-05-19,114,0,15,0,0,99,4,20,5,11,20,16,27,92.0,13.142857142857142,495.0,16.5,0.7965367482618421,7.0
2023-05-20,99,0,11,0,0,88,5,20,5,15,11,6,5,91.0,13.0,487.0,16.233333333333334,0.8008213059042316,6.0
2023-05-21,88,0,10,0,263,78,6,20,5,11,15,4,8,96.0,13.714285714285714,478.0,15.933333333333334,0.8607291749094063,5.0
2023-05-22,78,0,21,0,316,57,0,21,5,10,11,11,17,102.0,14.571428571428571,465.0,15.5,0.940092105247514,3.0
2023-05-23,57,0,23,0,373,34,1,21,5,21,10,24,22,112.0,16.0,470.0,15.666666666666666,1.0212765305568172,2.0
2023-05-24,297,0,22,263,0,275,2,21,5,23,21,20,20,111.0,15.857142857142858,484.0,16.133333333333333,0.9828806946856712,17.0
2023-05-25,591,0,22,316,0,569,3,21,5,22,23,11,23,113.0,16.142857142857142,488.0,16.266666666666666,0.9923886977746994,35.0
2023-05-26,942,0,27,373,0,915,4,21,5,22,22,15,16,124.0,17.714285714285715,492.0,16.4,1.0801393069601468,51.0
2023-05-27,915,0,8,0,0,907,5,21,5,27,22,11,6,136.0,19.428571428571427,503.0,16.766666666666666,1.1587616463107224,46.0
2023-05-28,907,0,11,0,0,896,6,21,5,8,27,10,4,133.0,19.0,486.0,16.2,1.1728394337753436,47.0
2023-05-29,896,0,26,0,0,870,0,22,5,11,8,21,11,134.0,19.142857142857142,477.0,15.9,1.2039532037046503,45.0
2023-05-30,870,2,24,0,0,844,1,22,5,26,11,23,24,139.0,19.857142857142858,492.0,16.4,1.2108013198988743,42.0
2023-05-31,844,1,20,0,0,823,2,22,5,24,26,22,20,140.0,20.0,506.0,16.866666666666667,1.1857706806855326,41.0
2023-06-01,823,2,22,0,0,799,3,22,6,20,24,22,11,138.0,19.714285714285715,501.0,16.7,1.1804960798676427,40.0
2023-06-02,799,1,20,0,0,778,4,22,6,22,20,27,15,138.0,19.714285714285715,512.0,17.066666666666666,1.155133860887804,39.0
2023-06-03,778,0,7,0,0,771,5,22,6,20,22,8,11,131.0,18.714285714285715,515.0,17.166666666666668,1.0901525023766918,41.0
2023-06-04,771,0,6,0,0,765,6,22,6,7,20,11,10,130.0,18.571428571428573,503.0,16.766666666666666,1.107639808973485,41.0
2023-06-05,765,0,12,0,0,753,0,23,6,6,7,26,21,125.0,17.857142857142858,482.0,16.066666666666666,1.111440357616338,42.0
2023-06-06,753,0,15,0,0,738,1,23,6,12,6,24,23,111.0,15.857142857142858,489.0,16.3,0.972830790448593,46.0
2023-06-07,738,1,16,0,0,721,2,23,6,15,12,20,22,102.0,14.571428571428571,496.0,16.533333333333335,0.8813363522233195,49.0
2023-06-08,721,0,25,0,0,696,3,23,6,16,15,22,22,98.0,14.0,495.0,16.5,0.8484847970615274,49.0
2023-06-09,696,0,19,0,0,677,4,23,6,25,16,20,27,101.0,14.428571428571429,498.0,16.6,0.8691909975530379,46.0
2023-06-10,677,1,8,0,0,668,5,23,6,19,25,7,8,100.0,14.285714285714286,497.0,16.566666666666666,0.8623167056376809,46.0
2023-06-11,668,1,5,0,0,662,6,23,6,8,19,6,11,101.0,14.428571428571429,482.0,16.066666666666666,0.8980438089540012,45.0
2023-06-12,662,0,22,0,0,640,0,24,6,5,8,12,26,100.0,14.285714285714286,471.0,15.7,0.9099180494137732,44.0
2023-06-13,640,0,13,0,0,627,1,24,6,22,5,15,24,110.0,15.714285714285714,487.0,16.233333333333334,0.9680257543897304,39.0
2023-06-14,627,1,20,0,0,606,2,24,6,13,22,16,20,108.0,15.428571428571429,496.0,16.533333333333335,0.9331796670599855,39.0
2023-06-15,606,0,25,0,0,581,3,24,6,20,13,25,22,112.0,16.0,505.0,16.833333333333332,0.9504949930399014,36.0
2023-06-16,581,0,23,0,0,558,4,24,6,25,20,19,20,112.0,16.0,506.0,16.866666666666667,0.9486165445484261,34.0
2023-06-17,558,0,8,0,0,550,5,24,6,23,25,8,7,116.0,16.571428571428573,509.0,16.966666666666665,0.976704966290193,33.0
2023-06-18,550,0,7,0,0,543,6,24,6,8,23,5,6,116.0,16.571428571428573,506.0,16.866666666666667,0.9824957068537271,32.0
2023-06-19,543,0,22,0,0,521,0,25,6,7,8,22,12,118.0,16.857142857142858,498.0,16.6,1.0154904723886977,30.0
2023-06-20,521,1,17,0,0,503,1,25,6,22,7,13,15,118.0,16.857142857142858,509.0,16.966666666666665,0.9935447070882997,29.0
2023-06-21,503,0,24,0,0,479,2,25,6,17,22,20,16,122.0,17.428571428571427,516.0,17.2,1.0132889776327005,27.0
2023-06-22,479,1,10,0,0,468,3,25,6,24,17,25,25,126.0,18.0,519.0,17.3,1.0404623676033313,25.0
2023-06-23,468,0,25,0,0,443,4,25,6,10,24,23,19,111.0,15.857142857142858,506.0,16.866666666666667,0.9401467539721009,27.0
2023-06-24,443,0,10,0,0,433,5,25,6,25,10,8,8,113.0,16.142857142857142,509.0,16.966666666666665,0.9514453550930326,26.0
2023-06-25,433,0,9,0,0,424,6,25,6,10,25,7,5,115.0,16.428571428571427,497.0,16.566666666666666,0.9916642114833328,25.0
2023-06-26,424,0,15,0,0,409,0,26,6,9,10,22,22,117.0,16.714285714285715,479.0,15.966666666666667,1.0468236743713177,24.0
2023-06-27,409,0,16,0,0,393,1,26,6,15,9,17,13,110.0,15.714285714285714,486.0,16.2,0.9700175768066751,25.0
2023-06-28,393,0,29,0,0,364,2,26,6,16,15,24,20,109.0,15.571428571428571,491.0,16.366666666666667,0.9514110562128827,23.0
2023-06-29,364,0,24,0,0,340,3,26,6,29,16,10,25,114.0,16.285714285714285,494.0,16.466666666666665,0.9890109289495965,20.0
2023-06-30,340,0,11,0,0,329,4,26,6,24,29,25,23,128.0,18.285714285714285,494.0,16.466666666666665,1.1104684114521786,17.0
2023-07-01,329,0,11,0,0,318,5,26,7,11,24,10,8,114.0,16.285714285714285,485.0,16.166666666666668,1.0073637079392108,19.0
2023-07-02,318,1,14,0,0,303,6,26,7,11,11,9,7,115.0,16.428571428571427,474.0,15.8,1.0397829359992716,18.0
2023-07-03,303,0,16,0,0,287,0,27,7,14,11,15,22,120.0,17.142857142857142,468.0,15.6,1.0989010284587253,16.0
2023-07-04,287,0,24,0,0,263,1,27,7,16,14,16,17,121.0,17.285714285714285,477.0,15.9,1.0871517734944975,15.0
2023-07-05,263,0,23,0,0,240,2,27,7,24,16,29,24,129.0,18.428571428571427,495.0,16.5,1.116883049193235,13.0
2023-07-06,240,0,16,0,0,224,3,27,7,23,24,24,10,123.0,17.571428571428573,506.0,16.866666666666667,1.0417842408880038,12.0
2023-07-07,224,0,21,0,0,203,4,27,7,16,23,11,25,115.0,16.428571428571427,507.0,16.9,0.9721047607376726,12.0
2023-07-08,203,0,9,0,0,194,5,27,7,21,16,11,10,125.0,17.857142857142858,512.0,17.066666666666666,1.0463169029780832,10.0
2023-07-09,194,0,13,0,0,181,6,27,7,9,21,14,9,123.0,17.571428571428573,496.0,16.533333333333335,1.06278795415165,10.0
2023-07-10,181,0,12,0,0,169,0,28,7,13,9,16,15,122.0,17.428571428571427,490.0,16.333333333333332,1.0670553282560877,9.0
2023-07-11,169,0,29,0,0,140,1,28,7,12,13,24,16,118.0,16.857142857142858,494.0,16.466666666666665,1.0237130668074772,8.0
2023-07-12,140,0,17,0,0,123,2,28,7,29,12,23,29,123.0,17.571428571428573,518.0,17.266666666666666,1.0176502444273163,6.0
2023-07-13,123,0,20,0,349,103,3,28,7,17,29,16,24,117.0,16.714285714285715,513.0,17.1,0.9774435518621147,6.0
2023-07-14,103,0,26,0,379,77,4,28,7,20,17,21,11,121.0,17.285714285714285,520.0,17.333333333333332,0.9972526897189382,4.0
2023-07-15,77,0,11,0,379,66,5,28,7,26,20,9,11,126.0,18.0,526.0,17.533333333333335,1.0266159110295106,3.0
2023-07-16,415,0,6,349,0,409,6,28,7,11,26,13,14,128.0,18.285714285714285,512.0,17.066666666666666,1.0714285086495572,22.0
2023-07-17,788,1,18,379,0,769,0,29,7,6,11,12,16,121.0,17.285714285714285,495.0,16.5,1.0476189841269878,44.0
2023-07-18,1148,2,21,379,0,1125,1,29,7,18,6,29,24,127.0,18.142857142857142,505.0,16.833333333333332,1.0777934296077454,62.0
2023-07-19,1125,2,22,0,0,1101,2,29,7,21,18,17,23,119.0,17.0,519.0,17.3,0.9826589027364795,64.0
2023-07-20,1101,0,19,0,0,1082,3,29,7,22,21,20,16,124.0,17.714285714285715,519.0,17.3,1.0239470919270879,61.0
2023-07-21,1082,0,23,0,0,1059,4,29,7,19,22,26,21,123.0,17.571428571428573,521.0,17.366666666666667,1.0117904544897187,60.0
2023-07-22,1059,0,16,0,0,1043,5,29,7,23,19,11,9,120.0,17.142857142857142,520.0,17.333333333333332,0.989010931952666,60.0
2023-07-23,1043,2,8,0,0,1033,6,29,7,16,23,6,13,125.0,17.857142857142858,526.0,17.533333333333335,1.0184681657038797,57.0
2023-07-24,1033,1,21,0,0,1011,0,30,7,8,16,18,12,127.0,18.142857142857142,509.0,16.966666666666665,1.06932354067978,55.0
2023-07-25,1011,0,22,0,0,989,1,30,7,21,8,21,29,130.0,18.571428571428573,520.0,17.333333333333332,1.0714285096153884,53.0
2023-07-26,989,1,24,0,0,964,2,30,7,22,21,22,17,131.0,18.714285714285715,533.0,17.766666666666666,1.0533368477081915,51.0
2023-07-27,964,1,18,0,0,945,3,30,7,24,22,19,20,133.0,19.0,542.0,18.066666666666666,1.0516604583951776,49.0
2023-07-28,945,1,20,0,0,924,4,30,7,18,24,23,26,132.0,18.857142857142858,544.0,18.133333333333333,1.0399159090382508,48.0
2023-07-29,924,0,9,0,0,915,5,30,7,20,18,16,11,129.0,18.428571428571427,535.0,17.833333333333332,1.0333777791697372,49.0
2023-07-30,915,1,7,0,0,907,6,30,7,9,20,8,6,122.0,17.428571428571427,520.0,17.333333333333332,1.0054944474852103,52.0
2023-07-31,907,1,21,0,0,885,0,31,7,7,9,21,18,121.0,17.285714285714285,516.0,17.2,1.0049833302750555,51.0
2023-08-01,885,0,13,0,0,872,1,31,8,21,7,22,21,121.0,17.285714285714285,526.0,17.533333333333335,0.9858771844013554,50.0
2023-08-02,872,1,23,0,0,848,2,31,8,13,21,24,22,112.0,16.0,525.0,17.5,0.9142856620408193,52.0
2023-08-03,848,0,21,0,0,827,3,31,8,23,13,18,19,111.0,15.857142857142858,532.0,17.733333333333334,0.8941997347524316,52.0
2023-08-04,827,0,21,0,0,806,4,31,8,21,23,20,23,114.0,16.285714285714285,529.0,17.633333333333333,0.9235754269643964,49.0
2023-08-05,806,0,12,0,0,794,5,31,8,21,21,9,16,115.0,16.428571428571427,527.0,17.566666666666666,0.9352127415574204,48.0
2023-08-06,794,0,11,0,0,783,6,31,8,12,21,7,8,118.0,16.857142857142858,523.0,17.433333333333334,0.9669488655943016,46.0
2023-08-07,783,0,16,0,0,767,0,32,8,11,12,21,21,122.0,17.428571428571427,513.0,17.1,1.019214643822034,44.0
2023-08-08,767,0,13,0,0,754,1,32,8,16,11,13,22,117.0,16.714285714285715,520.0,17.333333333333332,0.9642856586538494,45.0
2023-08-09,754,0,17,0,0,737,2,32,8,13,16,23,24,117.0,16.714285714285715,520.0,17.333333333333332,0.9642856586538494,44.0
2023-08-10,737,1,15,0,0,721,3,32,8,17,13,21,18,111.0,15.857142857142858,525.0,17.5,0.9061223972011692,45.0
2023-08-11,721,0,24,0,0,697,4,32,8,15,17,21,20,105.0,15.0,511.0,17.033333333333335,0.8806261713918098,46.0
2023-08-12,697,1,11,0,0,685,5,32,8,24,15,12,9,108.0,15.428571428571429,518.0,17.266666666666666,0.8935465560825215,44.0
2023-08-13,685,0,14,0,0,671,6,32,8,11,24,11,7,107.0,15.285714285714286,509.0,16.966666666666665,0.9009261326987125,43.0
2023-08-14,671,2,21,0,0,648,0,33,8,14,11,16,21,110.0,15.714285714285714,497.0,16.566666666666666,0.9485483762014489,41.0
2023-08-15,648,2,21,0,0,625,1,33,8,21,14,13,13,115.0,16.428571428571427,507.0,16.9,0.9721047607376726,38.0
2023-08-16,625,0,24,0,0,601,2,33,8,21,21,17,23,123.0,17.571428571428573,522.0,17.4,1.0098521587112883,34.0
2023-08-17,601,0,14,0,0,587,3,33,8,24,21,15,21,130.0,18.571428571428573,528.0,17.6,1.0551947452405583,31.0
2023-08-18,587,0,20,0,0,567,4,33,8,14,24,24,21,129.0,18.428571428571427,521.0,17.366666666666667,1.0611460864160465,30.0
2023-08-19,567,0,8,0,0,559,5,33,8,20,14,11,12,125.0,17.857142857142858,519.0,17.3,1.0322047297652095,31.0
2023-08-20,559,0,7,0,0,552,6,33,8,8,20,14,11,122.0,17.428571428571427,508.0,16.933333333333334,1.0292462834247131,31.0
2023-08-21,552,0,14,0,0,538,0,34,8,7,8,21,16,115.0,16.428571428571427,492.0,16.4,1.0017420991969102,32.0
2023-08-22,538,0,13,0,0,525,1,34,8,14,7,21,13,108.0,15.428571428571429,490.0,16.333333333333332,0.9446063561611269,34.0
2023-08-23,525,0,36,0,0,489,2,34,8,13,14,24,17,100.0,14.285714285714286,495.0,16.5,0.8658008133280892,34.0
2023-08-24,489,0,17,0,0,472,3,34,8,36,13,14,15,112.0,16.0,510.0,17.0,0.9411764152249167,29.0
2023-08-25,472,0,21,0,0,451,4,34,8,17,36,20,24,115.0,16.428571428571427,505.0,16.833333333333332,0.9759546803534701,27.0
2023-08-26,451,0,9,0,0,442,5,34,8,21,17,8,11,116.0,16.571428571428573,502.0,16.733333333333334,0.9903243574365068,26.0
2023-08-27,442,0,15,0,0,427,6,34,8,9,21,7,14,117.0,16.714285714285715,493.0,16.433333333333334,1.0170964318776439,25.0
2023-08-28,427,0,18,0,0,409,0,35,8,15,9,14,21,125.0,17.857142857142858,488.0,16.266666666666666,1.0977751081578535,22.0
2023-08-29,409,0,25,0,0,384,1,35,8,18,15,13,21,129.0,18.428571428571427,497.0,16.566666666666666,1.1123885502726083,20.0
2023-08-30,384,0,19,0,0,365,2,35,8,25,18,36,24,141.0,20.142857142857142,515.0,17.166666666666668,1.1733702506497217,18.0
2023-08-31,365,0,17,0,0,348,3,35,8,19,25,17,14,124.0,17.714285714285715,513.0,17.1,1.0359230806060018,19.0
2023-09-01,348,0,26,0,0,322,4,35,9,17,19,21,20,124.0,17.714285714285715,517.0,17.233333333333334,1.0279082023043042,18.0
2023-09-02,322,0,6,0,0,316,5,35,9,26,17,9,8,129.0,18.428571428571427,520.0,17.333333333333332,1.0631867518491158,17.0
2023-09-03,316,0,12,0,0,304,6,35,9,6,26,15,7,126.0,18.0,505.0,16.833333333333332,1.069306867169889,16.0
2023-09-04,304,0,11,0,0,293,0,36,9,12,6,18,14,123.0,17.571428571428573,496.0,16.533333333333335,1.06278795415165,16.0
2023-09-05,293,1,24,0,0,268,1,36,9,11,12,25,13,116.0,16.571428571428573,495.0,16.5,1.0043289434605835,16.0
2023-09-06,268,0,10,0,0,258,2,36,9,24,11,19,36,115.0,16.428571428571427,508.0,16.933333333333334,0.9701911688019836,15.0
2023-09-07,258,0,16,0,0,242,3,36,9,10,24,17,17,106.0,15.142857142857142,502.0,16.733333333333334,0.904951568002325,15.0
2023-09-08,242,0,20,0,0,222,4,36,9,16,10,26,21,105.0,15.0,505.0,16.833333333333332,0.8910890559749076,14.0
2023-09-09,222,0,9,0,0,213,5,36,9,20,16,6,9,99.0,14.142857142857142,508.0,16.933333333333334,0.8352080496643164,15.0
2023-09-10,213,0,10,0,0,203,6,36,9,9,20,12,15,102.0,14.571428571428571,502.0,16.733333333333334,0.8708024522286524,13.0
2023-09-11,203,0,16,0,0,187,0,37,9,10,9,11,18,100.0,14.285714285714286,488.0,16.266666666666666,0.8782200865262828,13.0
2023-09-12,187,0,17,0,0,170,1,37,9,16,10,24,25,105.0,15.0,493.0,16.433333333333334,0.9127788491209624,11.0
2023-09-13,170,0,21,0,0,149,2,37,9,17,16,10,19,98.0,14.0,496.0,16.533333333333335,0.846774142332209,10.0
2023-09-14,149,0,23,0,0,126,3,37,9,21,17,16,17,109.0,15.571428571428571,496.0,16.533333333333335,0.9418202195327631,8.0
2023-09-15,126,0,12,0,0,114,4,37,9,23,21,20,26,116.0,16.571428571428573,498.0,16.6,0.9982787694668555,6.0
2023-09-16,114,0,5,0,0,109,5,37,9,12,23,9,6,108.0,15.428571428571429,486.0,16.2,0.9523808935920083,7.0
2023-09-17,109,0,9,0,0,100,6,37,9,5,12,10,12,104.0,14.857142857142858,477.0,15.9,0.9344114416812211,6.0
2023-09-18,100,0,26,0,317,74,0,38,9,9,5,16,11,103.0,14.714285714285714,466.0,15.533333333333333,0.9472715515245169,5.0
2023-09-19,74,0,24,0,377,50,1,38,9,26,9,17,24,113.0,16.142857142857142,484.0,16.133333333333333,1.0005902567520797,3.0
2023-09-20,50,0,18,0,379,32,2,38,9,24,26,21,10,120.0,17.142857142857142,501.0,16.7,1.0265183303196894,1.0
2023-09-21,349,0,18,317,0,331,3,38,9,18,24,23,16,117.0,16.714285714285715,505.0,16.833333333333332,0.9929278052291828,19.0
2023-09-22,708,0,21,377,0,687,4,38,9,18,18,12,20,112.0,16.0,510.0,17.0,0.9411764152249167,42.0
2023-09-23,1066,0,15,379,0,1051,5,38,9,21,18,5,9,121.0,17.285714285714285,495.0,16.5,1.0476189841269878,60.0
2023-09-24,1051,0,6,0,0,1045,6,38,9,15,21,9,10,131.0,18.714285714285715,493.0,16.433333333333334,1.1388002784271056,55.0
2023-09-25,1045,2,23,0,0,1020,0,39,9,6,15,26,16,128.0,18.285714285714285,478.0,15.933333333333334,1.1476388998792082,55.0
2023-09-26,1020,2,20,0,0,998,1,39,9,23,6,24,17,125.0,17.857142857142858,492.0,16.4,1.0888501078227286,55.0
2023-09-27,998,0,28,0,0,970,2,39,9,20,23,18,21,121.0,17.285714285714285,497.0,16.566666666666666,1.0434032138215938,56.0
2023-09-28,970,1,15,0,0,954,3,39,9,28,20,18,23,131.0,18.714285714285715,507.0,16.9,1.1073541187533489,50.0
2023-09-29,954,0,13,0,0,941,4,39,9,15,28,21,12,128.0,18.285714285714285,497.0,16.566666666666666,1.1037653832162315,51.0
2023-09-30,941,0,7,0,0,934,5,39,9,13,15,15,5,120.0,17.142857142857142,491.0,16.366666666666667,1.0474250160141827,54.0
2023-10-01,934,0,6,0,0,928,6,39,10,7,13,6,9,112.0,16.0,481.0,16.033333333333335,0.9979209356806068,57.0
2023-10-02,928,1,23,0,0,904,0,40,10,6,7,23,26,112.0,16.0,461.0,15.366666666666667,1.041214682784294,56.0
2023-10-03,904,1,19,0,0,884,1,40,10,23,6,20,24,112.0,16.0,478.0,15.933333333333334,1.0041840373943074,55.0
2023-10-04,884,1,25,0,0,858,2,40,10,19,23,28,18,111.0,15.857142857142858,485.0,16.166666666666668,0.9808541366776528,54.0
2023-10-05,858,0,14,0,0,844,3,40,10,25,19,15,18,108.0,15.428571428571429,499.0,16.633333333333333,0.927569368797719,54.0
2023-10-06,844,0,13,0,0,831,4,40,10,14,25,13,21,107.0,15.285714285714286,489.0,16.3,0.9377738250270221,54.0
2023-10-07,831,0,9,0,0,822,5,40,10,13,14,7,15,107.0,15.285714285714286,492.0,16.4,0.9320556922962557,53.0
2023-10-08,822,0,12,0,0,810,6,40,10,9,13,6,6,109.0,15.571428571428571,485.0,16.166666666666668,0.9631810891699472,52.0
2023-10-09,810,1,27,0,0,782,0,41,10,12,9,23,23,115.0,16.428571428571427,477.0,15.9,1.0332434210898118,47.0
2023-10-10,782,0,16,0,0,766,1,41,10,27,12,19,20,119.0,17.0,495.0,16.5,1.030302967860426,45.0
2023-10-11,766,1,15,0,0,750,2,41,10,16,27,25,28,116.0,16.571428571428573,501.0,16.7,0.9923010526423665,45.0
2023-10-12,750,0,20,0,0,730,3,41,10,15,16,14,15,106.0,15.142857142857142,500.0,16.666666666666668,0.9085713740571459,48.0
2023-10-13,730,1,22,0,0,707,4,41,10,20,15,13,13,112.0,16.0,503.0,16.766666666666666,0.9542742969617716,44.0
2023-10-14,707,1,3,0,0,703,5,41,10,22,20,9,7,121.0,17.285714285714285,504.0,16.8,1.0289115033811178,40.0
2023-10-15,703,0,15,0,0,688,6,41,10,3,22,12,6,115.0,16.428571428571427,484.0,16.133333333333333,1.0182998188184882,41.0
2023-10-16,688,0,15,0,0,673,0,42,10,15,3,27,23,118.0,16.857142857142858,487.0,16.233333333333334,1.0384276274362563,39.0
2023-10-17,673,0,19,0,0,654,1,42,10,15,15,16,19,106.0,15.142857142857142,497.0,16.566666666666666,0.9140557079759417,43.0
2023-10-18,654,1,14,0,0,639,2,42,10,19,15,15,25,109.0,15.571428571428571,507.0,16.9,0.9213862514817941,41.0
2023-10-19,639,0,15,0,0,624,3,42,10,14,19,20,14,108.0,15.428571428571429,495.0,16.5,0.9350648783943364,40.0
2023-10-20,624,0,22,0,0,602,4,42,10,15,14,22,13,103.0,14.714285714285714,486.0,16.2,0.9082891855553412,40.0
2023-10-21,602,0,12,0,0,590,5,42,10,22,15,3,9,103.0,14.714285714285714,490.0,16.333333333333332,0.9008745804129266,40.0
2023-10-22,590,1,9,0,0,580,6,42,10,12,22,15,12,112.0,16.0,484.0,16.133333333333333,0.9917354757188754,36.0
2023-10-23,580,1,16,0,0,563,0,43,10,9,12,15,27,106.0,15.142857142857142,472.0,15.733333333333333,0.9624696724822546,37.0
2023-10-24,563,0,19,0,0,544,1,43,10,16,9,19,16,107.0,15.285714285714286,473.0,15.766666666666667,0.9694955591682068,35.0
2023-10-25,544,0,22,0,0,522,2,43,10,19,16,14,15,107.0,15.285714285714286,486.0,16.2,0.943562551984675,34.0
2023-10-26,522,0,20,0,0,502,3,43,10,22,19,15,20,115.0,16.428571428571427,485.0,16.166666666666668,1.0162002316930634,30.0
2023-10-27,502,1,23,0,0,478,4,43,10,20,22,22,22,120.0,17.142857142857142,485.0,16.166666666666668,1.0603828504623272,27.0
2023-10-28,478,0,5,0,0,473,5,43,10,23,20,12,3,121.0,17.285714285714285,480.0,16.0,1.0803570753348255,27.0
2023-10-29,473,0,5,0,0,468,6,43,10,5,23,9,15,114.0,16.285714285714285,470.0,15.666666666666666,1.0395136114596175,28.0
2023-10-30,468,0,19,0,0,449,0,44,10,5,5,16,15,110.0,15.714285714285714,462.0,15.4,1.02040809700504,28.0
2023-10-31,449,0,25,0,0,424,1,44,10,19,5,19,19,113.0,16.142857142857142,474.0,15.8,1.0216997545036322,26.0
2023-11-01,424,1,20,0,0,403,2,44,11,25,19,22,14,119.0,17.0,493.0,16.433333333333334,1.034482695670424,23.0
2023-11-02,403,0,23,0,0,380,3,44,11,20,25,20,15,117.0,16.714285714285715,490.0,16.333333333333332,1.0233235525078874,22.0
2023-11-03,380,0,12,0,0,368,4,44,11,23,20,23,22,120.0,17.142857142857142,494.0,16.466666666666665,1.0410641357364174,21.0
2023-11-04,368,0,8,0,0,360,5,44,11,12,23,5,12,109.0,15.571428571428571,481.0,16.033333333333335,0.9711909106177333,23.0
2023-11-05,360,0,11,0,0,349,6,44,11,8,12,5,9,112.0,16.0,475.0,15.833333333333334,1.010526251966763,21.0
2023-11-06,349,0,19,0,0,330,0,45,11,11,8,19,16,118.0,16.857142857142858,473.0,15.766666666666667,1.0691633269331626,19.0
2023-11-07,330,0,20,0,0,310,1,45,11,19,11,25,19,118.0,16.857142857142858,483.0,16.1,1.0470274416220753,18.0
2023-11-08,310,0,19,0,0,291,2,45,11,20,19,20,22,113.0,16.142857142857142,491.0,16.366666666666667,0.9863252234133555,18.0
2023-11-09,291,0,22,0,0,269,3,45,11,19,20,23,20,112.0,16.0,483.0,16.1,0.9937887581497664,16.0
2023-11-10,269,0,16,0,0,253,4,45,11,22,19,12,23,111.0,15.857142857142858,489.0,16.3,0.972830790448593,15.0
2023-11-11,253,0,9,0,0,244,5,45,11,16,22,8,5,115.0,16.428571428571427,490.0,16.333333333333332,1.0058308422086073,14.0
2023-11-12,244,0,6,0,0,238,6,45,11,9,16,11,5,116.0,16.571428571428573,479.0,15.966666666666667,1.0378764634792554,14.0
2023-11-13,238,0,23,0,0,215,0,46,11,6,9,19,19,111.0,15.857142857142858,463.0,15.433333333333334,1.0274605937159134,13.0
2023-11-14,215,0,13,0,0,202,1,46,11,23,6,20,25,115.0,16.428571428571427,483.0,16.1,1.0204080998859208,12.0
2023-11-15,202,0,21,0,0,181,2,46,11,13,23,19,20,108.0,15.428571428571429,481.0,16.033333333333335,0.9622809022634422,11.0
2023-11-16,181,0,21,0,0,160,3,46,11,21,13,22,23,110.0,15.714285714285714,487.0,16.233333333333334,0.9680257543897304,10.0
2023-11-17,160,0,21,0,0,139,4,46,11,21,21,16,12,109.0,15.571428571428571,489.0,16.3,0.9553023077378074,8.0
2023-11-18,139,0,9,0,0,130,5,46,11,21,21,9,8,114.0,16.285714285714285,496.0,16.533333333333335,0.9850229818966513,7.0
2023-11-19,130,0,6,0,0,124,6,46,11,9,21,6,11,114.0,16.285714285714285,490.0,16.333333333333332,0.9970844870589672,7.0
2023-11-20,124,0,16,0,0,108,0,47,11,6,9,23,19,114.0,16.285714285714285,474.0,15.8,1.0307413452514518,6.0
2023-11-21,108,0,11,0,0,97,1,47,11,16,6,13,20,107.0,15.285714285714286,478.0,15.933333333333334,0.9593543928677758,6.0
2023-11-22,97,0,14,0,269,83,2,47,11,11,16,21,19,105.0,15.0,480.0,16.0,0.9374999414062536,5.0
2023-11-23,83,0,19,0,310,64,3,47,11,14,11,21,22,98.0,14.0,478.0,15.933333333333334,0.8786610327200189,4.0
2023-11-24,64,0,14,0,320,50,4,47,11,19,14,21,16,96.0,13.714285714285714,478.0,15.933333333333334,0.8607291749094063,3.0
2023-11-25,319,0,11,269,0,308,5,47,11,14,19,9,9,89.0,12.714285714285714,470.0,15.666666666666666,0.8115501001746137,24.0
2023-11-26,618,2,7,310,0,609,6,47,11,11,14,6,6,91.0,13.0,461.0,15.366666666666667,0.8459869297622389,46.0
2023-11-27,929,0,13,320,0,916,0,48,11,7,11,16,23,92.0,13.142857142857142,445.0,14.833333333333334,0.8860352532688914,69.0
2023-11-28,916,0,21,0,0,895,1,48,11,13,7,11,13,89.0,12.714285714285714,453.0,15.1,0.8420056206808009,70.0
2023-11-29,895,1,20,0,0,874,2,48,11,21,13,14,21,99.0,14.142857142857142,469.0,15.633333333333333,0.9046603137439336,61.0
2023-11-30,874,0,16,0,0,858,3,48,11,20,21,19,21,105.0,15.0,470.0,15.666666666666666,0.9574467473970162,57.0
2023-12-01,858,1,19,0,0,838,4,48,12,16,20,14,21,102.0,14.571428571428571,461.0,15.366666666666667,0.9482490861071249,57.0
2023-12-02,838,0,11,0,0,827,5,48,12,19,16,11,9,107.0,15.285714285714286,460.0,15.333333333333334,0.9968943449230396,54.0
2023-12-03,827,3,9,0,0,815,6,48,12,11,19,7,6,107.0,15.285714285714286,448.0,14.933333333333334,1.023596870231077,53.0
2023-12-04,815,0,22,0,0,793,0,49,12,9,11,13,16,109.0,15.571428571428571,445.0,14.833333333333334,1.04975915876423,50.0
2023-12-05,793,0,19,0,0,774,1,49,12,22,9,21,11,118.0,16.857142857142858,459.0,15.3,1.101773970939143,45.0
2023-12-06,774,1,16,0,0,757,2,49,12,19,22,20,14,116.0,16.571428571428573,467.0,15.566666666666666,1.06454566425372,45.0
2023-12-07,757,0,17,0,0,740,3,49,12,16,19,16,19,112.0,16.0,464.0,15.466666666666667,1.0344826917360328,46.0
2023-12-08,740,0,16,0,0,724,4,49,12,17,16,19,14,113.0,16.142857142857142,461.0,15.366666666666667,1.0505112424520109,44.0
2023-12-09,724,0,13,0,0,711,5,49,12,16,17,11,11,110.0,15.714285714285714,458.0,15.266666666666667,1.029319957530508,45.0
2023-12-10,711,0,10,0,0,701,6,49,12,13,16,9,7,112.0,16.0,449.0,14.966666666666667,1.0690422448301395,43.0
2023-12-11,701,1,13,0,0,687,0,50,12,10,13,22,13,113.0,16.142857142857142,443.0,14.766666666666667,1.0931956692773006,42.0
2023-12-12,687,0,25,0,0,662,1,50,12,13,10,19,21,104.0,14.857142857142858,447.0,14.9,0.9971236147663922,44.0
2023-12-13,662,0,21,0,0,641,2,50,12,25,13,16,20,110.0,15.714285714285714,466.0,15.533333333333333,1.0116492297834647,40.0
2023-12-14,641,2,28,0,0,611,3,50,12,21,25,17,16,115.0,16.428571428571427,464.0,15.466666666666667,1.062192049550391,37.0
2023-12-15,611,0,11,0,0,600,4,50,12,28,21,16,19,126.0,18.0,479.0,15.966666666666667,1.1273485723998806,33.0
2023-12-16,600,0,8,0,0,592,5,50,12,11,28,13,11,121.0,17.285714285714285,469.0,15.633333333333333,1.1056959390203633,34.0
2023-12-17,592,0,6,0,0,586,6,50,12,8,11,10,9,116.0,16.571428571428573,456.0,15.2,1.0902254921844132,35.0
2023-12-18,586,1,19,0,0,566,0,51,12,6,8,13,22,112.0,16.0,441.0,14.7,1.0884353001064422,35.0
2023-12-19,566,0,14,0,0,552,1,51,12,19,6,25,19,118.0,16.857142857142858,451.0,15.033333333333333,1.1213176320948044,32.0
2023-12-20,552,0,16,0,0,536,2,51,12,14,19,21,16,107.0,15.285714285714286,459.0,15.3,0.999066227885494,35.0
2023-12-21,536,0,12,0,0,524,3,51,12,16,14,28,17,102.0,14.571428571428571,459.0,15.3,0.9523808901338353,35.0
2023-12-22,524,0,14,0,0,510,4,51,12,12,16,11,16,86.0,12.285714285714286,460.0,15.333333333333334,0.8012421837699197,41.0
2023-12-23,510,0,6,0,0,504,5,51,12,14,12,8,13,89.0,12.714285714285714,460.0,15.333333333333334,0.8291924925060796,39.0
2023-12-24,504,0,6,0,0,498,6,51,12,6,14,6,10,87.0,12.428571428571429,447.0,14.9,0.8341322546603472,40.0
2023-12-25,498,0,18,0,0,480,0,52,12,6,6,19,13,87.0,12.428571428571429,439.0,14.633333333333333,0.8493328414058261,38.0
2023-12-26,480,0,19,0,0,461,1,52,12,18,6,14,25,86.0,12.285714285714286,446.0,14.866666666666667,0.8263932820171079,37.0
2023-12-27,461,0,18,0,0,443,2,52,12,19,18,16,21,91.0,13.0,458.0,15.266666666666667,0.8515283285025113,34.0
2023-12-28,443,0,15,0,0,428,3,52,12,18,19,12,28,93.0,13.285714285714286,463.0,15.433333333333334,0.8608453623025221,32.0
2023-12-29,428,0,16,0,0,412,4,52,12,15,18,14,11,96.0,13.714285714285714,457.0,15.233333333333333,0.9002812788186719,30.0
2023-12-30,412,0,8,0,0,404,5,52,12,16,15,6,8,98.0,14.0,453.0,15.1,0.9271522564799831,28.0
2023-12-31,404,0,9,0,0,395,6,52,12,8,16,6,6,100.0,14.285714285714286,445.0,14.833333333333334,0.9630817970314038,27.0
2024-01-01,395,0,21,0,0,374,0,1,1,9,8,18,19,103.0,14.714285714285714,435.0,14.5,1.0147782551384454,25.0
2024-01-02,374,0,18,0,0,356,1,1,1,21,9,19,14,106.0,15.142857142857142,445.0,14.833333333333334,1.020866704853288,23.0
2024-01-03,356,0,13,0,0,343,2,1,1,18,21,18,16,105.0,15.0,454.0,15.133333333333333,0.9911893618156811,22.0
2024-01-04,343,0,25,0,0,318,3,1,1,13,18,15,12,100.0,14.285714285714286,445.0,14.833333333333334,0.9630817970314038,22.0
2024-01-05,318,0,25,0,0,293,4,1,1,25,13,16,14,110.0,15.714285714285714,451.0,15.033333333333333,1.0452960977154955,18.0
2024-01-06,293,0,12,0,0,281,5,1,1,25,25,8,6,119.0,17.0,460.0,15.333333333333334,1.1086955798676796,16.0
2024-01-07,281,0,4,0,0,277,6,1,1,12,25,9,6,123.0,17.571428571428573,455.0,15.166666666666666,1.1585556535960169,15.0
2024-01-08,277,0,21,0,0,256,0,2,1,4,12,21,18,118.0,16.857142857142858,443.0,14.766666666666667,1.1415671590683316,15.0
2024-01-09,256,0,10,0,0,246,1,2,1,21,4,18,19,118.0,16.857142857142858,451.0,15.033333333333333,1.1213176320948044,14.0
2024-01-10,246,0,15,0,0,231,2,2,1,10,21,13,18,110.0,15.714285714285714,451.0,15.033333333333333,1.0452960977154955,14.0
2024-01-11,231,0,16,0,0,215,3,2,1,15,10,25,15,112.0,16.0,453.0,15.1,1.0596025788342665,13.0
2024-01-12,215,0,18,0,0,197,4,2,1,16,15,25,16,103.0,14.714285714285714,444.0,14.8,0.9942084270322491,13.0
2024-01-13,197,0,7,0,0,190,5,2,1,18,16,12,8,96.0,13.714285714285714,441.0,14.7,0.932944542948379,13.0
2024-01-14,190,0,6,0,0,184,6,2,1,7,18,4,9,91.0,13.0,420.0,14.0,0.9285713622449028,14.0
2024-01-15,184,0,22,0,0,162,0,3,1,6,7,21,21,93.0,13.285714285714286,415.0,13.833333333333334,0.9604130114675621,12.0
2024-01-16,162,0,17,0,0,145,1,3,1,22,6,10,18,94.0,13.428571428571429,429.0,14.3,0.9390608733923466,10.0
2024-01-17,145,0,14,0,0,131,2,3,1,17,22,15,13,101.0,14.428571428571429,440.0,14.666666666666666,0.9837661666912679,9.0
2024-01-18,131,0,17,0,0,114,3,3,1,14,17,16,25,100.0,14.285714285714286,435.0,14.5,0.9852216069305296,7.0
2024-01-19,114,0,17,0,0,97,4,3,1,17,14,18,25,101.0,14.428571428571429,438.0,14.6,0.9882582493365192,6.0
2024-01-20,97,0,11,0,280,86,5,3,1,17,17,7,12,100.0,14.285714285714286,439.0,14.633333333333333,0.976244645294053,6.0
2024-01-21,86,0,6,0,0,80,6,3,1,11,17,6,4,104.0,14.857142857142858,438.0,14.6,1.0176124547623564,5.0
2024-01-22,80,0,21,0,304,59,0,4,1,6,11,22,21,104.0,14.857142857142858,430.0,14.333333333333334,1.0365447781812613,3.0
2024-01-23,339,0,17,280,0,322,1,4,1,21,6,17,10,103.0,14.714285714285714,445.0,14.833333333333334,0.9919742509423458,21.0
2024-01-24,322,0,12,0,0,310,2,4,1,17,21,14,15,103.0,14.714285714285714,456.0,15.2,0.9680450490947806,21.0
2024-01-25,614,0,10,304,0,604,3,4,1,12,17,17,16,101.0,14.428571428571429,450.0,15.0,0.9619046977777821,41.0
2024-01-26,604,1,22,0,0,581,4,4,1,10,12,17,18,94.0,13.428571428571429,441.0,14.7,0.9135081983036212,43.0
2024-01-27,581,0,2,0,0,579,5,4,1,22,10,11,7,99.0,14.142857142857142,445.0,14.833333333333334,0.9534509790610897,40.0
2024-01-28,579,1,7,0,0,571,6,4,1,2,22,6,6,90.0,12.857142857142858,432.0,14.4,0.8928570808531789,44.0
2024-01-29,571,1,18,0,0,552,0,5,1,7,2,21,22,91.0,13.0,423.0,14.1,0.9219857502137766,42.0
2024-01-30,552,0,18,0,0,534,1,5,1,18,7,17,17,88.0,12.571428571428571,433.0,14.433333333333334,0.8709996097294893,42.0
2024-01-31,534,0,19,0,0,515,2,5,1,18,18,12,14,89.0,12.714285714285714,442.0,14.733333333333333,0.8629605102709414,40.0
2024-02-01,515,0,17,0,0,498,3,5,2,19,18,10,17,96.0,13.714285714285714,440.0,14.666666666666666,0.9350648713105121,36.0
2024-02-02,498,0,18,0,0,480,4,5,2,17,19,22,17,103.0,14.714285714285714,439.0,14.633333333333333,1.0055319846528745,32.0
2024-02-03,480,0,8,0,0,472,5,5,2,18,17,2,11,99.0,14.142857142857142,444.0,14.8,0.9555983910309968,33.0
2024-02-04,472,0,7,0,0,465,6,5,2,8,18,7,6,105.0,15.0,427.0,14.233333333333333,1.0538640945762932,30.0
2024-02-05,465,0,14,0,0,451,0,6,2,7,8,18,21,105.0,15.0,409.0,13.633333333333333,1.1002444180749817,30.0
2024-02-06,451,0,22,0,0,429,1,6,2,14,7,18,17,101.0,14.428571428571429,411.0,13.7,1.053180319371614,29.0
2024-02-07,429,0,18,0,0,411,2,6,2,22,14,19,12,105.0,15.0,429.0,14.3,1.048950975597834,27.0
2024-02-08,411,0,22,0,0,389,3,6,2,18,22,17,10,104.0,14.857142857142858,426.0,14.2,1.0462775923144554,26.0
2024-02-09,389,1,16,0,0,372,4,6,2,22,18,18,22,109.0,15.571428571428571,438.0,14.6,1.066536130472085,23.0
2024-02-10,372,0,5,0,0,367,5,6,2,16,22,8,2,107.0,15.285714285714286,439.0,14.633333333333333,1.0445817704646367,24.0
2024-02-11,367,0,7,0,0,360,6,6,2,5,16,7,7,104.0,14.857142857142858,428.0,14.266666666666667,1.041388445029515,24.0
2024-02-12,360,0,19,0,0,341,0,7,2,7,5,14,18,104.0,14.857142857142858,417.0,13.9,1.0688591214592615,22.0
2024-02-13,341,0,17,0,0,324,1,7,2,19,7,22,18,109.0,15.571428571428571,429.0,14.3,1.0889110127634656,20.0
2024-02-14,324,0,16,0,0,308,2,7,2,17,19,18,19,104.0,14.857142857142858,440.0,14.666666666666666,1.0129869439197214,20.0
2024-02-15,308,0,25,0,0,283,3,7,2,16,17,22,17,102.0,14.571428571428571,434.0,14.466666666666667,1.0072415366949563,19.0
2024-02-16,283,0,12,0,0,271,4,7,2,25,16,16,18,105.0,15.0,442.0,14.733333333333333,1.0180994784095379,18.0
2024-02-17,271,0,7,0,0,264,5,7,2,12,25,5,8,101.0,14.428571428571429,440.0,14.666666666666666,0.9837661666912679,18.0
2024-02-18,264,0,12,0,0,252,6,7,2,7,12,7,7,103.0,14.714285714285714,430.0,14.333333333333334,1.02657800146798,17.0
2024-02-19,252,1,18,0,0,233,0,8,2,12,7,19,14,108.0,15.428571428571429,425.0,14.166666666666666,1.0890755533761796,15.0
2024-02-20,233,0,14,0,0,219,1,8,2,18,12,17,22,107.0,15.285714285714286,432.0,14.4,1.0615078627921128,14.0
2024-02-21,219,0,21,0,0,198,2,8,2,14,18,16,18,104.0,14.857142857142858,440.0,14.666666666666666,1.0129869439197214,13.0
2024-02-22,198,0,15,0,0,183,3,8,2,21,14,25,22,109.0,15.571428571428571,440.0,14.666666666666666,1.0616882393004772,11.0
2024-02-23,183,0,13,0,0,170,4,8,2,15,21,12,16,99.0,14.142857142857142,438.0,14.6,0.9686887790526277,12.0
2024-02-24,170,0,5,0,0,165,5,8,2,13,15,7,5,100.0,14.285714285714286,439.0,14.633333333333333,0.976244645294053,11.0
2024-02-25,165,0,8,0,0,157,6,8,2,5,13,12,7,98.0,14.0,434.0,14.466666666666667,0.9677418685892718,11.0
2024-02-26,157,0,23,0,0,134,0,9,2,8,5,18,19,94.0,13.428571428571429,420.0,14.0,0.9591836049562732,9.0
2024-02-27,134,0,19,0,0,115,1,9,2,23,8,14,17,99.0,14.142857142857142,441.0,14.7,0.9620990599155159,8.0
2024-02-28,115,0,15,0,0,100,2,9,2,19,23,21,16,104.0,14.857142857142858,453.0,15.1,0.9839166803461046,6.0
2024-02-29,100,0,19,0,313,81,3,9,2,15,19,15,25,98.0,14.0,450.0,15.0,0.9333332711111153,5.0
2024-03-01,81,0,29,0,379,52,4,9,3,19,15,13,12,102.0,14.571428571428571,451.0,15.033333333333333,0.9692745633361868,3.0
2024-03-02,52,0,11,0,379,41,5,9,3,29,19,5,7,118.0,16.857142857142858,461.0,15.366666666666667,1.0969940407905954,2.0
2024-03-03,354,0,13,313,0,341,6,9,3,11,29,8,12,124.0,17.714285714285715,455.0,15.166666666666666,1.1679748052512688,19.0
2024-03-04,720,2,13,379,0,705,0,10,3,13,11,23,18,129.0,18.428571428571427,450.0,15.0,1.2285713466666721,38.0
2024-03-05,1084,0,18,379,0,1066,1,10,3,13,13,19,14,119.0,17.0,455.0,15.166666666666666,1.120879046975008,62.0
2024-03-06,1066,0,24,0,0,1042,2,10,3,18,13,15,21,118.0,16.857142857142858,466.0,15.533333333333333,1.0852237192222622,61.0
2024-03-07,1042,1,18,0,0,1023,3,10,3,24,18,19,15,127.0,18.142857142857142,476.0,15.866666666666667,1.143457310886544,56.0
2024-03-08,1023,1,14,0,0,1008,4,10,3,18,24,29,13,126.0,18.0,472.0,15.733333333333333,1.1440677238940007,55.0
2024-03-09,1008,1,6,0,0,1001,5,10,3,14,18,11,5,111.0,15.857142857142858,468.0,15.6,1.016483451324321,63.0
2024-03-10,1001,0,12,0,0,989,6,10,3,6,14,13,8,106.0,15.142857142857142,452.0,15.066666666666666,1.005056823305331,65.0
2024-03-11,989,2,18,0,0,969,0,11,3,12,6,13,23,105.0,15.0,448.0,14.933333333333334,1.0044642184510568,64.0
2024-03-12,969,2,16,0,0,951,1,11,3,18,12,18,19,110.0,15.714285714285714,461.0,15.366666666666667,1.02262156344886,60.0
2024-03-13,951,0,12,0,0,939,2,11,3,16,18,24,15,108.0,15.428571428571429,470.0,15.666666666666666,0.9848023687512167,60.0
2024-03-14,939,0,23,0,0,916,3,11,3,12,16,18,19,96.0,13.714285714285714,463.0,15.433333333333334,0.8886145675380872,66.0
2024-03-15,916,1,27,0,0,888,4,11,3,23,12,14,29,101.0,14.428571428571429,469.0,15.633333333333333,0.9229362796781546,61.0
2024-03-16,888,0,5,0,0,883,5,11,3,27,23,6,11,114.0,16.285714285714285,480.0,16.0,1.0178570792410753,54.0
2024-03-17,883,1,8,0,0,874,6,11,3,5,27,12,13,113.0,16.142857142857142,460.0,15.333333333333334,1.0527949623953596,54.0
2024-03-18,874,2,26,0,0,846,0,12,3,8,5,18,13,109.0,15.571428571428571,456.0,15.2,1.0244360228284572,54.0
2024-03-19,846,1,23,0,0,822,1,12,3,26,8,16,18,117.0,16.714285714285715,475.0,15.833333333333334,1.0556390310724222,49.0
2024-03-20,822,0,22,0,0,800,2,12,3,23,26,12,24,124.0,17.714285714285715,486.0,16.2,1.093474359309343,45.0
2024-03-21,800,0,21,0,0,779,3,12,3,22,23,23,18,134.0,19.142857142857142,490.0,16.333333333333332,1.1720115900517685,40.0
2024-03-22,779,0,25,0,0,754,4,12,3,21,22,27,14,132.0,18.857142857142858,497.0,16.566666666666666,1.1382580514417389,39.0
2024-03-23,754,0,6,0,0,748,5,12,3,25,21,5,6,130.0,18.571428571428573,501.0,16.7,1.112061524512997,40.0
2024-03-24,748,0,14,0,0,734,6,12,3,6,25,8,12,131.0,18.714285714285715,492.0,16.4,1.1411149129982197,39.0
2024-03-25,734,0,23,0,0,711,0,13,3,14,6,26,18,137.0,19.571428571428573,493.0,16.433333333333334,1.1909590698054464,36.0
2024-03-26,711,0,18,0,0,693,1,13,3,23,14,23,16,134.0,19.142857142857142,511.0,17.033333333333335,1.1238467330143096,36.0
2024-03-27,693,0,21,0,0,672,2,13,3,18,23,22,12,129.0,18.428571428571427,521.0,17.366666666666667,1.0611460864160465,36.0
2024-03-28,672,0,26,0,0,646,3,13,3,21,18,21,23,128.0,18.285714285714285,519.0,17.3,1.0569776432795746,35.0
2024-03-29,646,0,14,0,0,632,4,13,3,26,21,25,27,133.0,19.0,526.0,17.533333333333335,1.083650128308928,33.0
2024-03-30,632,0,7,0,0,625,5,13,3,14,26,6,5,122.0,17.428571428571427,525.0,17.5,0.9959183104373209,35.0
2024-03-31,625,0,9,0,0,616,6,13,3,7,14,14,8,123.0,17.571428571428573,513.0,17.1,1.027568862214018,35.0
2024-04-01,616,0,25,0,0,591,0,14,4,9,7,23,26,118.0,16.857142857142858,493.0,16.433333333333334,1.025789563774034,35.0
2024-04-02,591,0,18,0,0,573,1,14,4,25,9,18,23,120.0,17.142857142857142,507.0,16.9,1.0143701851175715,33.0
2024-04-03,573,0,23,0,0,550,2,14,4,18,25,21,22,120.0,17.142857142857142,512.0,17.066666666666666,1.0044642268589599,32.0
2024-04-04,550,0,21,0,0,529,3,14,4,23,18,26,21,122.0,17.428571428571427,522.0,17.4,1.0016419785591637,30.0
2024-04-05,529,0,25,0,0,504,4,14,4,21,23,14,25,117.0,16.714285714285715,525.0,17.5,0.9551019862390702,30.0
2024-04-06,504,0,11,0,0,493,5,14,4,25,21,7,6,128.0,18.285714285714285,526.0,17.533333333333335,1.0429114016807726,26.0
2024-04-07,493,0,11,0,0,482,6,14,4,11,25,9,14,132.0,18.857142857142858,519.0,17.3,1.0900081946320614,25.0
2024-04-08,482,1,16,0,0,465,0,15,4,11,11,25,23,134.0,19.142857142857142,516.0,17.2,1.1129567459244416,24.0
2024-04-09,465,0,24,0,0,441,1,15,4,16,11,18,18,125.0,17.857142857142858,526.0,17.533333333333335,1.0184681657038797,24.0
2024-04-10,441,0,14,0,0,427,2,15,4,24,16,23,21,131.0,18.714285714285715,538.0,17.933333333333334,1.0435474723459985,22.0
2024-04-11,427,0,17,0,0,410,3,15,4,14,24,21,26,122.0,17.428571428571427,534.0,17.8,0.9791331713167558,23.0
2024-04-12,410,0,17,0,0,393,4,15,4,17,14,25,14,118.0,16.857142857142858,535.0,17.833333333333332,0.9452602941242559,23.0
2024-04-13,393,0,12,0,0,381,5,15,4,17,17,11,7,110.0,15.714285714285714,540.0,18.0,0.8730158245149938,24.0
2024-04-14,381,0,7,0,0,374,6,15,4,12,17,11,9,111.0,15.857142857142858,529.0,17.633333333333333,0.8992708104653334,23.0
2024-04-15,374,0,19,0,0,355,0,16,4,7,12,16,25,107.0,15.285714285714286,509.0,16.966666666666665,0.9009261326987125,23.0
2024-04-16,355,0,21,0,0,334,1,16,4,19,7,24,18,110.0,15.714285714285714,523.0,17.433333333333334,0.9013930102997726,21.0
2024-04-17,334,0,12,0,0,322,2,16,4,21,19,14,23,107.0,15.285714285714286,536.0,17.866666666666667,0.8555436621364154,21.0
2024-04-18,322,0,22,0,0,300,3,16,4,12,21,17,21,105.0,15.0,522.0,17.4,0.8620689159730508,19.0
2024-04-19,300,0,29,0,0,271,4,16,4,22,12,17,25,110.0,15.714285714285714,521.0,17.366666666666667,0.9048532519826753,17.0
2024-04-20,271,0,11,0,0,260,5,16,4,29,22,12,11,122.0,17.428571428571427,528.0,17.6,0.9902596839949853,14.0
2024-04-21,260,0,5,0,0,255,6,16,4,11,29,7,11,121.0,17.285714285714285,518.0,17.266666666666666,1.0011030859813435,14.0
2024-04-22,255,0,23,0,0,232,0,17,4,5,11,19,16,119.0,17.0,498.0,16.6,1.0240963238496188,13.0
2024-04-23,232,0,16,0,0,216,1,17,4,23,5,21,24,123.0,17.571428571428573,515.0,17.166666666666668,1.023578303758268,12.0
2024-04-24,216,0,25,0,0,191,2,17,4,16,23,12,14,118.0,16.857142857142858,517.0,17.233333333333334,0.9781707086444186,11.0
2024-04-25,191,1,20,0,0,170,3,17,4,25,16,22,17,131.0,18.714285714285715,519.0,17.3,1.0817505567939396,9.0
2024-04-26,170,0,22,0,0,148,4,17,4,20,25,29,17,129.0,18.428571428571427,521.0,17.366666666666667,1.0611460864160465,8.0
2024-04-27,148,0,11,0,0,137,5,17,4,22,20,11,12,122.0,17.428571428571427,522.0,17.4,1.0016419785591637,7.0
2024-04-28,137,1,14,0,0,122,6,17,4,11,22,5,7,122.0,17.428571428571427,507.0,16.9,1.031276354869531,6.0
2024-04-29,122,0,29,0,379,93,0,18,4,14,11,23,19,131.0,18.714285714285715,507.0,16.9,1.1073541187533489,4.0
2024-04-30,93,0,22,0,379,71,1,18,4,29,14,16,21,137.0,19.571428571428573,529.0,17.633333333333333,1.10991082012388,3.0
2024-05-01,71,0,25,0,379,46,2,18,5,22,29,25,12,143.0,20.428571428571427,542.0,18.066666666666666,1.1307326733121081,2.0
2024-05-02,425,0,28,379,0,397,3,18,5,25,22,20,22,143.0,20.428571428571427,542.0,18.066666666666666,1.1307326733121081,19.0
2024-05-03,776,0,24,379,0,752,4,18,5,28,25,22,29,151.0,21.571428571428573,552.0,18.4,1.1723601847319776,34.0
2024-05-04,1131,1,10,379,0,1120,5,18,5,24,28,11,11,153.0,21.857142857142858,553.0,18.433333333333334,1.1857400545064811,51.0
2024-05-05,1120,1,6,0,0,1113,6,18,5,10,24,14,5,152.0,21.714285714285715,542.0,18.066666666666666,1.2018976667373458,51.0
2024-05-06,1113,2,19,0,0,1092,0,19,5,6,10,29,23,144.0,20.571428571428573,523.0,17.433333333333334,1.1800053953015206,53.0
2024-05-07,1092,0,21,0,0,1071,1,19,5,19,6,22,16,134.0,19.142857142857142,531.0,17.7,1.0815172916011215,55.0
2024-05-08,1071,1,27,0,0,1043,2,19,5,21,19,25,25,133.0,19.0,541.0,18.033333333333335,1.0536043778038235,54.0
2024-05-09,1043,0,19,0,0,1024,3,19,5,27,21,28,20,135.0,19.285714285714285,552.0,18.4,1.048136588998788,53.0
2024-05-10,1024,1,21,0,0,1002,4,19,5,19,27,24,22,126.0,18.0,547.0,18.233333333333334,0.9872028709029503,55.0
2024-05-11,1002,1,7,0,0,994,5,19,5,21,19,10,11,123.0,17.571428571428573,554.0,18.466666666666665,0.9515213512585139,56.0
2024-05-12,994,1,8,0,0,985,6,19,5,7,21,6,14,120.0,17.142857142857142,544.0,18.133333333333333,0.9453780991256825,57.0
2024-05-13,985,1,19,0,0,965,0,20,5,8,7,19,29,122.0,17.428571428571427,535.0,17.833333333333332,0.9773030159589763,55.0
2024-05-14,965,0,30,0,0,935,1,20,5,19,8,21,22,122.0,17.428571428571427,542.0,18.066666666666666,0.9646810219865537,53.0
2024-05-15,935,3,14,0,0,918,2,20,5,30,19,27,25,131.0,18.714285714285715,565.0,18.833333333333332,0.9936788347224892,49.0
2024-05-16,918,0,21,0,0,897,3,20,5,14,30,19,28,118.0,16.857142857142858,560.0,18.666666666666668,0.9030611761115186,53.0
2024-05-17,897,2,12,0,0,883,4,20,5,21,14,21,24,120.0,17.142857142857142,560.0,18.666666666666668,0.9183672977405273,51.0
2024-05-18,883,0,10,0,0,873,5,20,5,12,21,7,10,111.0,15.857142857142858,560.0,18.666666666666668,0.8494897504099878,55.0
2024-05-19,873,0,11,0,0,862,6,20,5,10,12,8,6,114.0,16.285714285714285,548.0,18.266666666666666,0.8915536529649981,52.0
2024-05-20,862,1,16,0,0,845,0,21,5,11,10,19,19,117.0,16.714285714285715,530.0,17.666666666666668,0.9460915906524975,50.0
2024-05-21,845,1,18,0,0,826,1,21,5,16,11,30,21,114.0,16.285714285714285,535.0,17.833333333333332,0.9132175722895353,50.0
2024-05-22,826,0,21,0,0,805,2,21,5,18,16,14,27,102.0,14.571428571428571,548.0,18.266666666666666,0.7977059000213141,55.0
2024-05-23,805,2,16,0,0,787,3,21,5,21,18,21,19,109.0,15.571428571428571,546.0,18.2,0.8555729514206384,50.0
2024-05-24,787,2,29,0,0,756,4,21,5,16,21,12,21,104.0,14.857142857142858,546.0,18.2,0.8163264857591414,50.0
2024-05-25,756,1,11,0,0,744,5,21,5,29,16,10,7,121.0,17.285714285714285,550.0,18.333333333333332,0.9428570914285742,43.0
2024-05-26,744,0,10,0,0,734,6,21,5,11,29,11,8,122.0,17.428571428571427,541.0,18.033333333333335,0.9664641661057629,42.0
2024-05-27,734,0,16,0,0,718,0,22,5,10,11,16,19,121.0,17.285714285714285,529.0,17.633333333333333,0.9802861987955436,41.0
2024-05-28,718,1,22,0,0,695,1,22,5,16,10,18,30,121.0,17.285714285714285,534.0,17.8,0.9711074895846513,40.0
2024-05-29,695,0,13,0,0,682,2,22,5,22,16,21,14,125.0,17.857142857142858,542.0,18.066666666666666,0.9884026864616331,38.0
2024-05-30,682,1,18,0,0,663,3,22,5,13,22,16,21,117.0,16.714285714285715,526.0,17.533333333333335,0.9532862030988314,39.0
2024-05-31,663,1,18,0,0,644,4,22,5,18,13,29,12,119.0,17.0,522.0,17.4,0.9770114381027909,37.0
2024-06-01,644,0,10,0,0,634,5,22,6,18,18,11,10,108.0,15.428571428571429,515.0,17.166666666666668,0.8987516813487231,41.0
2024-06-02,634,0,11,0,0,623,6,22,6,10,18,10,11,107.0,15.285714285714286,497.0,16.566666666666666,0.9226788750323186,40.0
2024-06-03,623,0,11,0,0,612,0,23,6,11,10,16,16,108.0,15.428571428571429,484.0,16.133333333333333,0.9563163515860584,39.0
2024-06-04,612,0,23,0,0,589,1,23,6,11,11,22,18,103.0,14.714285714285714,485.0,16.166666666666668,0.9101619466468308,40.0
2024-06-05,589,0,25,0,0,564,2,23,6,23,11,13,21,104.0,14.857142857142858,502.0,16.733333333333334,0.8878770101154888,37.0
2024-06-06,564,0,19,0,0,545,3,23,6,25,23,18,16,116.0,16.571428571428573,508.0,16.933333333333334,0.978627613748088,32.0
2024-06-07,545,0,19,0,0,526,4,23,6,19,25,18,29,117.0,16.714285714285715,506.0,16.866666666666667,0.9909654974300524,31.0
2024-06-08,526,0,6,0,0,520,5,23,6,19,19,10,11,118.0,16.857142857142858,498.0,16.6,1.0154904723886977,30.0
2024-06-09,520,0,10,0,0,510,6,23,6,6,19,11,10,114.0,16.285714285714285,485.0,16.166666666666668,1.0073637079392108,31.0
2024-06-10,510,0,30,0,0,480,0,24,6,10,6,11,16,113.0,16.142857142857142,474.0,15.8,1.0216997545036322,29.0
2024-06-11,480,1,32,0,0,447,1,24,6,30,10,23,22,132.0,18.857142857142858,497.0,16.566666666666666,1.1382580514417389,23.0
2024-06-12,447,0,24,0,0,423,2,24,6,32,30,25,13,141.0,20.142857142857142,521.0,17.366666666666667,1.159857350268702,20.0
2024-06-13,423,0,14,0,0,409,3,24,6,24,32,19,18,140.0,20.0,526.0,17.533333333333335,1.140684345588345,20.0
2024-06-14,409,0,13,0,0,396,4,24,6,14,24,19,18,135.0,19.285714285714285,510.0,17.0,1.1344537147800335,20.0
2024-06-15,396,0,3,0,0,393,5,24,6,13,14,6,10,129.0,18.428571428571427,509.0,16.966666666666665,1.0861632814778868,21.0
2024-06-16,393,0,6,0,0,387,6,24,6,3,13,10,11,126.0,18.0,491.0,16.366666666666667,1.099796266814892,21.0
2024-06-17,387,0,20,0,0,367,0,25,6,6,3,30,11,122.0,17.428571428571427,485.0,16.166666666666668,1.0780558979700325,21.0
2024-06-18,367,0,16,0,0,351,1,25,6,20,6,32,23,112.0,16.0,495.0,16.5,0.9696969109274599,21.0
2024-06-19,351,0,16,0,0,335,2,25,6,16,20,24,25,96.0,13.714285714285714,500.0,16.666666666666668,0.8228570934857171,24.0
2024-06-20,335,0,26,0,0,309,3,25,6,16,16,14,19,88.0,12.571428571428571,500.0,16.666666666666668,0.7542856690285741,24.0
2024-06-21,309,0,15,0,0,294,4,25,6,26,16,13,19,100.0,14.285714285714286,508.0,16.933333333333334,0.8436444946104207,20.0
2024-06-22,294,0,6,0,0,288,5,25,6,15,26,3,6,102.0,14.571428571428571,502.0,16.733333333333334,0.8708024522286524,19.0
2024-06-23,288,0,8,0,0,280,6,25,6,6,15,6,10,105.0,15.0,492.0,16.4,0.914634090571092,18.0
2024-06-24,280,0,18,0,0,262,0,26,6,8,6,20,30,107.0,15.285714285714286,471.0,15.7,0.9736123128727373,17.0
2024-06-25,262,0,13,0,0,249,1,26,6,18,8,16,32,105.0,15.0,478.0,15.933333333333334,0.9414225350571631,16.0
2024-06-26,249,0,7,0,0,242,2,26,6,13,18,16,24,102.0,14.571428571428571,481.0,16.033333333333335,0.9088208521376954,16.0
2024-06-27,242,0,13,0,0,229,3,26,6,7,13,26,14,93.0,13.285714285714286,472.0,15.733333333333333,0.8444309390646196,17.0
2024-06-28,229,0,12,0,0,217,4,26,6,13,7,15,13,80.0,11.428571428571429,463.0,15.433333333333334,0.7405121396150728,18.0
2024-06-29,217,0,11,0,0,206,5,26,6,12,13,6,3,77.0,11.0,462.0,15.4,0.7142856679035281,18.0
2024-06-30,206,0,6,0,0,200,6,26,6,11,12,8,6,82.0,11.714285714285714,455.0,15.166666666666666,0.7723704357306778,17.0
2024-07-01,200,0,20,0,0,180,0,27,7,6,11,18,20,80.0,11.428571428571429,443.0,14.766666666666667,0.7739438366564961,15.0
2024-07-02,180,0,16,0,0,164,1,27,7,20,6,13,16,82.0,11.714285714285714,453.0,15.1,0.7757804595036593,13.0
2024-07-03,164,0,25,0,0,139,2,27,7,16,20,7,16,85.0,12.142857142857142,458.0,15.266666666666667,0.7953836035463017,11.0
2024-07-04,139,0,25,0,0,114,3,27,7,25,16,13,26,103.0,14.714285714285714,472.0,15.733333333333333,0.9352299647704926,7.0
2024-07-05,114,0,19,0,340,95,4,27,7,25,25,12,15,115.0,16.428571428571427,474.0,15.8,1.0397829359992716,5.0
2024-07-06,95,0,9,0,313,86,5,27,7,19,25,11,6,122.0,17.428571428571427,468.0,15.6,1.117216045599704,4.0
2024-07-07,86,0,6,0,276,80,6,27,7,9,19,6,8,120.0,17.142857142857142,458.0,15.266666666666667,1.1228944991241907,4.0
2024-07-08,420,0,15,340,0,405,0,28,7,6,9,20,18,120.0,17.142857142857142,445.0,14.833333333333334,1.1556981564376845,23.0
2024-07-09,718,0,16,313,0,702,1,28,7,15,6,16,13,115.0,16.428571428571427,454.0,15.133333333333333,1.0855883486552695,42.0
2024-07-10,978,0,27,276,0,951,2,28,7,16,15,25,7,115.0,16.428571428571427,460.0,15.333333333333334,1.0714285015527996,57.0
2024-07-11,951,0,15,0,0,936,3,28,7,27,16,25,13,117.0,16.714285714285715,457.0,15.233333333333333,1.0972178085602566,55.0
2024-07-12,936,0,22,0,0,914,4,28,7,15,27,19,12,107.0,15.285714285714286,440.0,14.666666666666666,1.042207721148175,59.0
2024-07-13,914,1,7,0,0,906,5,28,7,22,15,9,11,110.0,15.714285714285714,438.0,14.6,1.0763208656140308,57.0
2024-07-14,906,0,11,0,0,895,6,28,7,7,22,6,6,108.0,15.428571428571429,431.0,14.366666666666667,1.0739144098369156,58.0
2024-07-15,895,0,17,0,0,878,0,29,7,11,7,15,20,113.0,16.142857142857142,429.0,14.3,1.1288710499290975,54.0
2024-07-16,878,0,18,0,0,860,1,29,7,17,11,16,16,115.0,16.428571428571427,443.0,14.766666666666667,1.112544265193713,52.0
2024-07-17,860,1,22,0,0,837,2,29,7,18,17,27,25,117.0,16.714285714285715,455.0,15.166666666666666,1.1020407436645037,50.0
2024-07-18,837,0,21,0,0,816,3,29,7,22,18,15,25,112.0,16.0,457.0,15.233333333333333,1.050328158621784,50.0
2024-07-19,816,0,21,0,0,795,4,29,7,21,22,22,19,118.0,16.857142857142858,462.0,15.4,1.0946195949690432,47.0
2024-07-20,795,0,8,0,0,787,5,29,7,21,21,7,9,117.0,16.714285714285715,467.0,15.566666666666666,1.0737227820490107,47.0
2024-07-21,787,1,13,0,0,773,6,29,7,8,21,11,6,118.0,16.857142857142858,449.0,14.966666666666667,1.126312365088897,45.0
2024-07-22,773,0,17,0,0,756,0,30,7,13,8,17,15,120.0,17.142857142857142,447.0,14.9,1.1505272478073756,44.0
2024-07-23,756,1,19,0,0,736,1,30,7,17,13,18,16,120.0,17.142857142857142,458.0,15.266666666666667,1.1228944991241907,42.0
2024-07-24,736,0,21,0,0,715,2,30,7,19,17,22,27,121.0,17.285714285714285,469.0,15.633333333333333,1.1056959390203633,41.0
2024-07-25,715,0,17,0,0,698,3,30,7,21,19,21,15,120.0,17.142857142857142,472.0,15.733333333333333,1.089588308470477,40.0
2024-07-26,698,0,16,0,0,682,4,30,7,17,21,21,22,116.0,16.571428571428573,476.0,15.866666666666667,1.0444177012821978,41.0
2024-07-27,682,0,4,0,0,678,5,30,7,16,17,8,7,111.0,15.857142857142858,485.0,16.166666666666668,0.9808541366776528,42.0
2024-07-28,678,0,10,0,0,668,6,30,7,4,16,13,11,107.0,15.285714285714286,476.0,15.866666666666667,0.9633852934240962,43.0
2024-07-29,668,0,14,0,0,654,0,31,7,10,4,17,17,104.0,14.857142857142858,474.0,15.8,0.9403254377732544,44.0
2024-07-30,654,0,20,0,0,634,1,31,7,14,10,19,18,101.0,14.428571428571429,477.0,15.9,0.9074572654788782,43.0
2024-07-31,634,0,24,0,0,610,2,31,7,20,14,21,22,102.0,14.571428571428571,491.0,16.366666666666667,0.8903112636120554,41.0
2024-08-01,610,0,17,0,0,593,3,31,8,24,20,17,21,105.0,15.0,495.0,16.5,0.9090908539944936,39.0
2024-08-02,593,1,30,0,0,562,4,31,8,17,24,16,21,105.0,15.0,496.0,16.533333333333335,0.9072580096416525,37.0
2024-08-03,562,1,10,0,0,551,5,31,8,30,17,4,8,119.0,17.0,501.0,16.7,1.0179640109003587,32.0
2024-08-04,551,1,10,0,0,540,6,31,8,10,30,10,13,125.0,17.857142857142858,486.0,16.2,1.1022927009166763,30.0
2024-08-05,540,0,22,0,0,518,0,32,8,10,10,14,17,125.0,17.857142857142858,477.0,15.9,1.1230906750976215,29.0
2024-08-06,518,0,22,0,0,496,1,32,8,22,10,20,19,133.0,19.0,490.0,16.333333333333332,1.1632652349021284,26.0
2024-08-07,496,0,13,0,0,483,2,32,8,22,22,24,21,135.0,19.285714285714285,506.0,16.866666666666667,1.1434217278039065,25.0
2024-08-08,483,0,31,0,0,452,3,32,8,13,22,17,17,124.0,17.714285714285715,504.0,16.8,1.0544217059442862,25.0
2024-08-09,452,0,21,0,0,431,4,32,8,31,13,30,16,138.0,19.714285714285715,519.0,17.3,1.1395540216607913,21.0
2024-08-10,431,0,7,0,0,424,5,32,8,21,31,10,4,129.0,18.428571428571427,513.0,17.1,1.0776941725659213,23.0
2024-08-11,424,0,13,0,0,411,6,32,8,7,21,10,10,126.0,18.0,505.0,16.833333333333332,1.069306867169889,22.0
2024-08-12,411,0,25,0,0,386,0,33,8,13,7,22,14,129.0,18.428571428571427,496.0,16.533333333333335,1.1146312689883158,20.0
2024-08-13,386,0,26,0,0,360,1,33,8,25,13,22,20,132.0,18.857142857142858,514.0,17.133333333333333,1.1006113865679847,19.0
2024-08-14,360,0,28,0,0,332,2,33,8,26,25,13,24,136.0,19.428571428571427,529.0,17.633333333333333,1.1018092812908589,17.0
2024-08-15,332,0,18,0,0,314,3,33,8,28,26,31,17,151.0,21.571428571428573,540.0,18.0,1.198412631834219,14.0
2024-08-16,314,0,22,0,0,292,4,33,8,18,28,21,30,138.0,19.714285714285715,540.0,18.0,1.0952380343915378,14.0
2024-08-17,292,0,9,0,0,283,5,33,8,22,18,7,10,139.0,19.857142857142858,540.0,18.0,1.1031745418871286,14.0
2024-08-18,283,0,16,0,0,267,6,33,8,9,22,13,10,141.0,20.142857142857142,528.0,17.6,1.1444804544532208,13.0
2024-08-19,267,0,18,0,0,249,0,34,8,16,9,25,22,144.0,20.571428571428573,523.0,17.433333333333334,1.1800053953015206,12.0
2024-08-20,249,0,20,0,0,229,1,34,8,18,16,26,22,137.0,19.571428571428573,533.0,17.766666666666666,1.1015812834810856,11.0
2024-08-21,229,0,23,0,0,206,2,34,8,20,18,28,13,131.0,18.714285714285715,540.0,18.0,1.0396824819224018,11.0
2024-08-22,206,0,15,0,0,191,3,34,8,23,20,18,31,126.0,18.0,546.0,18.2,0.9890109346697289,10.0
2024-08-23,191,0,24,0,0,167,4,34,8,15,23,22,21,123.0,17.571428571428573,542.0,18.066666666666666,0.972588243478247,9.0
2024-08-24,167,0,10,0,0,157,5,34,8,24,15,9,7,125.0,17.857142857142858,545.0,18.166666666666668,0.9829619380283073,8.0
2024-08-25,157,0,10,0,0,147,6,34,8,10,24,16,13,126.0,18.0,538.0,17.933333333333334,1.0037174161495863,8.0
2024-08-26,147,0,20,0,0,127,0,35,8,10,10,18,25,120.0,17.142857142857142,532.0,17.733333333333334,0.9667024159485746,7.0
2024-08-27,127,0,10,0,0,117,1,35,8,20,10,20,26,122.0,17.428571428571427,548.0,18.266666666666666,0.9541188215941208,6.0
2024-08-28,117,0,27,0,355,90,2,35,8,10,20,23,28,112.0,16.0,548.0,18.266666666666666,0.8759123608077175,5.0
2024-08-29,90,1,16,0,365,73,3,35,8,27,10,15,18,116.0,16.571428571428573,561.0,18.7,0.886172603489624,4.0
2024-08-30,73,0,25,0,379,48,4,35,8,16,27,24,22,117.0,16.714285714285715,557.0,18.566666666666666,0.9002307799311455,2.0
2024-08-31,403,0,12,355,0,391,5,35,8,25,16,10,9,118.0,16.857142857142858,558.0,18.6,0.9062979543465001,23.0
2024-09-01,756,0,17,365,0,739,6,35,9,12,25,10,16,120.0,17.142857142857142,553.0,18.433333333333334,0.9299921996129263,43.0
2024-09-02,1118,1,21,379,0,1096,0,36,9,17,12,20,18,127.0,18.142857142857142,540.0,18.0,1.0079364519400382,60.0
2024-09-03,1096,0,17,0,0,1079,1,36,9,21,17,10,20,128.0,18.285714285714285,551.0,18.366666666666667,0.9955923751427536,59.0
2024-09-04,1079,1,30,0,0,1048,2,36,9,17,21,27,23,135.0,19.285714285714285,558.0,18.6,1.0368663037015042,54.0
2024-09-05,1048,2,13,0,0,1033,3,36,9,30,17,16,15,138.0,19.714285714285715,566.0,18.866666666666667,1.044926749259309,52.0
2024-09-06,1033,1,13,0,0,1019,4,36,9,13,30,25,24,135.0,19.285714285714285,557.0,18.566666666666666,1.0387278229974755,52.0
2024-09-07,1019,0,10,0,0,1009,5,36,9,13,13,12,10,123.0,17.571428571428573,557.0,18.566666666666666,0.9463964609532556,57.0
2024-09-08,1009,0,12,0,0,997,6,36,9,10,13,17,10,121.0,17.285714285714285,536.0,17.866666666666667,0.9674839543785632,57.0
2024-09-09,997,1,17,0,0,979,0,37,9,12,10,21,20,116.0,16.571428571428573,527.0,17.566666666666666,0.9433450262666155,59.0
2024-09-10,979,1,15,0,0,963,1,37,9,17,12,17,10,112.0,16.0,537.0,17.9,0.8938546986673352,60.0
2024-09-11,963,1,19,0,0,943,2,37,9,15,17,30,27,110.0,15.714285714285714,539.0,17.966666666666665,0.8746355198321073,60.0
2024-09-12,943,1,25,0,0,917,3,37,9,19,15,13,16,99.0,14.142857142857142,533.0,17.766666666666666,0.7960331902527553,64.0
2024-09-13,917,1,22,0,0,894,4,37,9,25,19,13,25,111.0,15.857142857142858,532.0,17.733333333333334,0.8941997347524316,56.0
2024-09-14,894,1,8,0,0,885,5,37,9,22,25,10,12,120.0,17.142857142857142,526.0,17.533333333333335,0.9777294390757244,51.0
2024-09-15,885,2,6,0,0,877,6,37,9,8,22,12,17,118.0,16.857142857142858,516.0,17.2,0.9800663882021203,52.0
2024-09-16,877,0,21,0,0,856,0,38,9,6,8,17,21,112.0,16.0,500.0,16.666666666666668,0.9599999424000033,53.0
2024-09-17,856,0,21,0,0,835,1,38,9,21,6,15,17,116.0,16.571428571428573,512.0,17.066666666666666,0.9709820859636613,50.0
2024-09-18,835,2,19,0,0,814,2,38,9,21,21,19,30,122.0,17.428571428571427,517.0,17.233333333333334,1.011329037751009,46.0
2024-09-19,814,0,16,0,0,798,3,38,9,19,21,25,13,122.0,17.428571428571427,518.0,17.266666666666666,1.00937666520433,45.0
2024-09-20,798,0,23,0,0,775,4,38,9,16,19,22,13,113.0,16.142857142857142,514.0,17.133333333333333,0.9421900506225929,48.0
2024-09-21,775,1,5,0,0,769,5,38,9,23,16,8,10,114.0,16.285714285714285,514.0,17.133333333333333,0.9505280156723503,47.0
2024-09-22,769,0,10,0,0,759,6,38,9,5,23,6,12,111.0,15.857142857142858,504.0,16.8,0.9438774948372238,47.0
2024-09-23,759,1,17,0,0,741,0,39,9,10,5,21,17,115.0,16.428571428571427,490.0,16.333333333333332,1.0058308422086073,45.0
2024-09-24,741,0,20,0,0,721,1,39,9,17,10,21,15,111.0,15.857142857142858,497.0,16.566666666666666,0.9571715432578257,45.0
2024-09-25,721,0,21,0,0,700,2,39,9,20,17,19,19,110.0,15.714285714285714,507.0,16.9,0.9298393363577738,44.0
2024-09-26,700,1,14,0,0,685,3,39,9,21,20,16,25,112.0,16.0,508.0,16.933333333333334,0.9448818339636712,42.0
2024-09-27,685,0,33,0,0,652,4,39,9,14,21,23,22,110.0,15.714285714285714,512.0,17.066666666666666,0.9207588746207132,41.0
2024-09-28,652,0,13,0,0,639,5,39,9,33,14,5,8,120.0,17.142857142857142,518.0,17.266666666666666,0.9928295067583572,37.0
2024-09-29,639,0,8,0,0,631,6,39,9,13,33,10,6,128.0,18.285714285714285,515.0,17.166666666666668,1.0651871778947828,34.0
2024-09-30,631,0,20,0,0,611,0,40,9,8,13,17,21,126.0,18.0,498.0,16.6,1.084337284076067,33.0
2024-10-01,611,0,14,0,0,597,1,40,10,20,8,20,21,129.0,18.428571428571427,506.0,16.866666666666667,1.092602984345955,32.0
2024-10-02,597,0,18,0,0,579,2,40,10,14,20,21,19,123.0,17.571428571428573,503.0,16.766666666666666,1.0479976654133742,32.0
2024-10-03,579,0,19,0,0,560,3,40,10,18,14,14,16,120.0,17.142857142857142,500.0,16.666666666666668,1.0285713668571463,32.0
2024-10-04,560,0,20,0,0,540,4,40,10,19,18,33,23,125.0,17.857142857142858,502.0,16.733333333333334,1.0671598679272702,30.0
2024-10-05,540,1,6,0,0,533,5,40,10,20,19,13,5,112.0,16.0,492.0,16.4,0.9756096966091649,33.0
2024-10-06,533,0,13,0,0,520,6,40,10,6,20,8,10,105.0,15.0,485.0,16.166666666666668,0.9278349941545363,34.0
2024-10-07,520,0,21,0,0,499,0,41,10,13,6,20,17,110.0,15.714285714285714,485.0,16.166666666666668,0.9720176129238,31.0
2024-10-08,499,0,12,0,0,487,1,41,10,21,13,14,20,111.0,15.857142857142858,496.0,16.533333333333335,0.9591013244783184,30.0
2024-10-09,487,0,19,0,0,468,2,41,10,12,21,18,21,109.0,15.571428571428571,496.0,16.533333333333335,0.9418202195327631,30.0
2024-10-10,468,1,18,0,0,449,3,41,10,19,12,19,14,110.0,15.714285714285714,498.0,16.6,0.9466436607013283,28.0
2024-10-11,449,0,11,0,0,438,4,41,10,18,19,20,33,109.0,15.571428571428571,501.0,16.7,0.9324208167070511,28.0
2024-10-12,438,0,5,0,0,433,5,41,10,11,18,6,13,100.0,14.285714285714286,493.0,16.433333333333334,0.8693131896390119,30.0
2024-10-13,433,0,11,0,0,422,6,41,10,5,11,13,8,99.0,14.142857142857142,473.0,15.766666666666667,0.8970099098846025,29.0
2024-10-14,422,0,15,0,0,407,0,42,10,11,5,21,20,97.0,13.857142857142858,462.0,15.4,0.8998144128135354,29.0
2024-10-15,407,0,19,0,0,388,1,42,10,15,11,12,14,91.0,13.0,469.0,15.633333333333333,0.8315564500070501,29.0
2024-10-16,388,0,17,0,0,371,2,42,10,19,15,19,18,98.0,14.0,482.0,16.066666666666666,0.8713692403712091,26.0
2024-10-17,371,0,15,0,0,356,3,42,10,17,19,18,19,96.0,13.714285714285714,478.0,15.933333333333334,0.8607291749094063,25.0
2024-10-18,356,0,16,0,0,340,4,42,10,15,17,11,20,93.0,13.285714285714286,472.0,15.733333333333333,0.8444309390646196,25.0
2024-10-19,340,0,8,0,0,332,5,42,10,16,15,5,6,98.0,14.0,469.0,15.633333333333333,0.8955223307768233,23.0
2024-10-20,332,0,12,0,0,320,6,42,10,8,16,11,13,101.0,14.428571428571429,461.0,15.366666666666667,0.938952526439408,22.0
2024-10-21,320,1,18,0,0,301,0,43,10,12,8,15,21,102.0,14.571428571428571,450.0,15.0,0.971428506666671,20.0
2024-10-22,301,0,20,0,0,281,1,43,10,18,12,19,12,105.0,15.0,463.0,15.433333333333334,0.971922183244783,18.0
2024-10-23,281,0,24,0,0,257,2,43,10,20,18,17,19,106.0,15.142857142857142,473.0,15.766666666666667,0.9604348530077562,16.0
2024-10-24,257,0,21,0,0,236,3,43,10,24,20,15,18,113.0,16.142857142857142,480.0,16.0,1.0089285083705395,14.0
2024-10-25,236,0,19,0,0,217,4,43,10,21,24,16,11,119.0,17.0,481.0,16.033333333333335,1.0602909941606447,12.0
2024-10-26,217,0,7,0,0,210,5,43,10,19,21,8,5,122.0,17.428571428571427,479.0,15.966666666666667,1.0915597288316303,12.0
2024-10-27,210,0,10,0,0,200,6,43,10,7,19,12,11,121.0,17.285714285714285,472.0,15.733333333333333,1.0986682110410642,11.0
2024-10-28,200,0,21,0,0,179,0,44,10,10,7,18,15,119.0,17.0,449.0,14.966666666666667,1.1358573851320233,10.0
2024-10-29,179,0,23,0,0,156,1,44,10,21,10,20,19,122.0,17.428571428571427,457.0,15.233333333333333,1.144107458498729,8.0
2024-10-30,156,0,23,0,0,133,2,44,10,23,21,24,17,125.0,17.857142857142858,472.0,15.733333333333333,1.1349878213234135,7.0
2024-10-31,133,0,15,0,0,118,3,44,10,23,23,21,15,124.0,17.714285714285715,475.0,15.833333333333334,1.1187969218203448,6.0
2024-11-01,118,0,17,0,337,101,4,44,11,15,23,19,16,118.0,16.857142857142858,476.0,15.866666666666667,1.0624249030284425,5.0
2024-11-02,101,0,8,0,304,93,5,44,11,17,15,7,8,116.0,16.571428571428573,475.0,15.833333333333334,1.0466164752512903,5.0
2024-11-03,93,0,3,0,0,90,6,44,11,8,17,10,12,117.0,16.714285714285715,464.0,15.466666666666667,1.080664954759963,5.0
2024-11-04,427,0,17,337,0,410,0,45,11,3,8,21,18,110.0,15.714285714285714,447.0,14.9,1.0546499771567608,26.0
2024-11-05,714,1,17,304,0,696,1,45,11,17,3,23,20,106.0,15.142857142857142,458.0,15.266666666666667,0.9918901408930351,45.0
2024-11-06,696,0,14,0,0,682,2,45,11,17,17,23,24,100.0,14.285714285714286,462.0,15.4,0.9276437245500365,47.0
2024-11-07,682,1,19,0,0,662,3,45,11,14,17,15,21,91.0,13.0,455.0,15.166666666666666,0.8571428006279472,50.0
2024-11-08,662,0,16,0,0,646,4,45,11,19,14,17,19,95.0,13.571428571428571,462.0,15.4,0.8812615383225346,47.0
2024-11-09,646,0,5,0,0,641,5,45,11,16,19,8,7,94.0,13.428571428571429,459.0,15.3,0.8776843497311816,47.0
2024-11-10,641,1,8,0,0,632,6,45,11,5,16,3,10,91.0,13.0,446.0,14.866666666666667,0.8744394030646142,48.0
2024-11-11,632,0,9,0,0,623,0,46,11,8,5,17,21,96.0,13.714285714285714,443.0,14.766666666666667,0.9287326039877952,45.0
2024-11-12,623,0,16,0,0,607,1,46,11,9,8,17,23,88.0,12.571428571428571,447.0,14.9,0.8437199817254087,48.0
2024-11-13,607,0,18,0,0,589,2,46,11,16,9,14,23,87.0,12.428571428571429,452.0,15.066666666666666,0.8249051285619227,47.0
2024-11-14,589,0,15,0,0,574,3,46,11,18,16,19,15,91.0,13.0,455.0,15.166666666666666,0.8571428006279472,44.0
2024-11-15,574,0,21,0,0,553,4,46,11,15,18,16,17,87.0,12.428571428571429,451.0,15.033333333333333,0.826734186374983,44.0
2024-11-16,553,0,5,0,0,548,5,46,11,21,15,5,8,92.0,13.142857142857142,455.0,15.166666666666666,0.8665619522831994,41.0
2024-11-17,548,0,3,0,0,545,6,46,11,5,21,8,3,92.0,13.142857142857142,445.0,14.833333333333334,0.8860352532688914,41.0
2024-11-18,545,0,11,0,0,534,0,47,11,3,5,9,17,87.0,12.428571428571429,432.0,14.4,0.863095178158073,42.0
2024-11-19,534,0,17,0,0,517,1,47,11,11,3,16,17,89.0,12.714285714285714,435.0,14.5,0.8768472301681713,40.0
2024-11-20,517,1,17,0,0,499,2,47,11,17,11,18,14,90.0,12.857142857142858,440.0,14.666666666666666,0.8766233168536052,38.0
2024-11-21,499,0,21,0,0,478,3,47,11,17,17,15,19,89.0,12.714285714285714,439.0,14.633333333333333,0.8688577343117071,37.0
2024-11-22,478,0,17,0,0,461,4,47,11,21,17,21,16,95.0,13.571428571428571,440.0,14.666666666666666,0.9253246122343609,33.0
2024-11-23,461,0,12,0,0,449,5,47,11,17,21,5,5,91.0,13.0,433.0,14.433333333333334,0.9006927782429947,34.0
2024-11-24,449,0,9,0,0,440,6,47,11,12,17,3,8,98.0,14.0,424.0,14.133333333333333,0.9905659676486345,31.0
2024-11-25,440,0,18,0,0,422,0,48,11,9,12,11,9,104.0,14.857142857142858,414.0,13.8,1.0766044768506073,28.0
2024-11-26,422,0,20,0,0,402,1,48,11,18,9,17,16,111.0,15.857142857142858,425.0,14.166666666666666,1.1193276520810735,25.0
2024-11-27,402,1,14,0,0,387,2,48,11,20,18,17,18,114.0,16.285714285714285,435.0,14.5,1.1231526319008036,23.0
2024-11-28,387,0,14,0,0,373,3,48,11,14,20,21,15,111.0,15.857142857142858,428.0,14.266666666666667,1.1114818980603476,23.0
2024-11-29,373,0,17,0,0,356,4,48,11,14,14,17,21,104.0,14.857142857142858,419.0,13.966666666666667,1.0637571689774956,23.0
2024-11-30,356,0,9,0,0,347,5,48,11,17,14,12,5,104.0,14.857142857142858,413.0,13.766666666666667,1.079211267162101,23.0
2024-12-01,347,0,5,0,0,342,6,48,12,9,17,9,3,101.0,14.428571428571429,407.0,13.566666666666666,1.0635309851381163,23.0
2024-12-02,342,0,15,0,0,327,0,49,12,5,9,18,11,97.0,13.857142857142858,395.0,13.166666666666666,1.0524411497241803,23.0
2024-12-03,327,0,15,0,0,312,1,49,12,15,5,20,17,94.0,13.428571428571429,402.0,13.4,1.0021321213760677,23.0
2024-12-04,312,0,14,0,0,298,2,49,12,15,15,14,17,89.0,12.714285714285714,414.0,13.8,0.9213249849971542,23.0
2024-12-05,298,0,18,0,0,280,3,49,12,14,15,14,21,89.0,12.714285714285714,411.0,13.7,0.9280499843967687,22.0
2024-12-06,280,0,26,0,0,254,4,49,12,18,14,17,17,93.0,13.285714285714286,412.0,13.733333333333333,0.9674063095855324,19.0
2024-12-07,254,0,14,0,0,240,5,49,12,26,18,9,12,102.0,14.571428571428571,424.0,14.133333333333333,1.030997231634293,16.0
2024-12-08,240,0,5,0,0,235,6,49,12,14,26,5,9,107.0,15.285714285714286,419.0,13.966666666666667,1.0944424719287695,15.0
2024-12-09,235,0,18,0,0,217,0,50,12,5,14,15,18,107.0,15.285714285714286,408.0,13.6,1.1239494971885875,14.0
2024-12-10,217,0,27,0,0,190,1,50,12,18,5,15,20,110.0,15.714285714285714,421.0,14.033333333333333,1.1197827502021114,12.0
2024-12-11,190,0,15,0,0,175,2,50,12,27,18,14,14,122.0,17.428571428571427,440.0,14.666666666666666,1.1883116072904423,10.0
2024-12-12,175,0,12,0,0,163,3,50,12,15,27,18,14,123.0,17.571428571428573,446.0,14.866666666666667,1.1819345777686545,9.0
2024-12-13,163,0,27,0,0,136,4,50,12,12,15,26,17,117.0,16.714285714285715,442.0,14.733333333333333,1.134453704513485,8.0
2024-12-14,136,0,9,0,0,127,5,50,12,27,12,14,9,118.0,16.857142857142858,451.0,15.033333333333333,1.1213176320948044,7.0
2024-12-15,127,0,4,0,0,123,6,50,12,9,27,5,5,113.0,16.142857142857142,445.0,14.833333333333334,1.0882824306454861,7.0
2024-12-16,123,0,20,0,0,103,0,51,12,4,9,18,15,112.0,16.0,428.0,14.266666666666667,1.1214952484933236,6.0
2024-12-17,103,0,18,0,305,85,1,51,12,20,4,27,15,114.0,16.285714285714285,443.0,14.766666666666667,1.102869967235507,5.0
2024-12-18,85,0,9,0,286,76,2,51,12,18,20,15,14,105.0,15.0,458.0,15.266666666666667,0.9825326867336668,5.0
2024-12-19,76,0,16,0,309,60,3,51,12,9,18,12,18,99.0,14.142857142857142,456.0,15.2,0.930451066605663,4.0
2024-12-20,365,0,17,305,0,348,4,51,12,16,9,27,26,103.0,14.714285714285714,455.0,15.166666666666666,0.9701726204909733,23.0
2024-12-21,634,0,6,286,0,628,5,51,12,17,16,9,14,93.0,13.285714285714286,455.0,15.166666666666666,0.8759811039384516,47.0
2024-12-22,937,1,13,309,0,923,6,51,12,6,17,4,5,90.0,12.857142857142858,440.0,14.666666666666666,0.8766233168536052,71.0
2024-12-23,923,0,26,0,0,897,0,52,12,13,6,20,18,99.0,14.142857142857142,436.0,14.533333333333333,0.9731323052562962,63.0
2024-12-24,897,0,15,0,0,882,1,52,12,26,13,18,27,105.0,15.0,450.0,15.0,0.9999999333333378,58.0
2024-12-25,882,0,20,0,0,862,2,52,12,15,26,9,15,102.0,14.571428571428571,456.0,15.2,0.9586465534725013,59.0
2024-12-26,862,0,16,0,0,846,3,52,12,20,15,16,12,113.0,16.142857142857142,458.0,15.266666666666667,1.0573923200086128,52.0
2024-12-27,846,0,15,0,0,831,4,52,12,16,20,17,27,113.0,16.142857142857142,454.0,15.133333333333333,1.066708551287352,51.0
2024-12-28,831,0,3,0,0,828,5,52,12,15,16,6,9,111.0,15.857142857142858,455.0,15.166666666666666,1.0455258337329907,52.0
2024-12-29,828,1,13,0,0,814,6,52,12,3,15,13,4,108.0,15.428571428571429,444.0,14.8,1.0424709720338146,52.0
2024-12-30,814,2,19,0,0,793,0,1,12,13,3,26,20,108.0,15.428571428571429,440.0,14.666666666666666,1.0519479802243261,51.0
2024-12-31,793,1,21,0,0,771,1,1,12,19,13,15,18,101.0,14.428571428571429,450.0,15.0,0.9619046977777821,53.0
