dataset_id,normalized_mae,normalized_rmse,stockout_rate,stockout_days,mape,expired_rate,expired_units_total,non_expired_negative_days,avg_non_expired_inventory
A001,0.04427594994884835,0.05488716852692479,1.9943019943019942,7,4.464533447676168,68.21217237864889,89684.0,0,0.0
A002,0.035824702190882574,0.046593851518096585,1.7094017094017095,6,3.528143222420113,69.30873161965324,95260.0,0,0.0
A003,0.04159393209821451,0.05025054783280078,0.5698005698005698,2,4.1828479298976875,86.84935701163504,45384.0,0,0.0
A004,0.04956234809000825,0.06058026642076674,0.8547008547008548,3,4.816603913371766,80.1972488969634,27810.0,0,0.0
A005,0.04136742928967184,0.05503517286470279,1.7094017094017095,6,4.109417909834386,70.01264953558135,96859.0,0,0.0
A006,0.03817189431261964,0.047256220764172664,1.4245014245014245,5,3.9058934807380705,71.99604637495325,107804.0,0,0.0
A007,0.03611543591279414,0.04452037405823684,1.4245014245014245,5,3.6090497206365355,71.65698359375526,106440.0,0,0.0
A008,0.041316550908138294,0.05158993506213196,0.5698005698005698,2,4.131621287693323,87.11248050515424,45802.0,0,0.0
A009,0.047006495249994396,0.05845640072795696,1.1396011396011396,4,4.654442484954886,73.61171545605953,49060.0,0,0.0
A010,0.04023876751183752,0.051510066721732,1.9943019943019942,7,4.096942101388942,68.02787488082808,89907.0,0,0.0
A011,0.03922094860506719,0.04833785545063993,1.1396011396011396,4,3.893703073127297,73.9856269249654,49725.0,0,0.0
A012,0.046708322346187714,0.05862394247784762,1.1396011396011396,4,4.624049583578301,74.46133966403221,49557.0,0,0.0
A013,0.044598748088827404,0.05771434044665939,1.9943019943019942,7,4.354351113732107,67.77335679853087,88573.0,0,0.0
A014,0.04364422128583879,0.05448804579863369,0.8547008547008548,3,4.484049247992754,80.91475765748626,72303.0,0,0.0
A015,0.05477900850061952,0.06589809855766751,0.8547008547008548,3,5.389097440873511,80.4884340871958,28080.0,0,0.0
A016,0.04698929591887307,0.05642002324056683,1.1396011396011396,4,4.792222526310031,74.61322920082273,50061.0,0,0.0
A017,0.04883608706450464,0.058553254399167864,0.8547008547008548,3,4.933101823575611,80.54200296584747,71150.0,0,0.0
A018,0.05413662797015434,0.06861704633256867,1.1396011396011396,4,5.483391833858435,74.54666567981644,20144.0,0,0.0
A019,0.041421323733928324,0.04958907388012845,1.9943019943019942,7,4.232672127159408,68.36374293615486,90973.0,0,0.0
A020,0.04572516934524083,0.05894657864188168,1.1396011396011396,4,4.482244355137621,73.74630134880682,19191.0,0,0.0
A021,0.052093983392933585,0.06660213812844532,0.8547008547008548,3,5.027576777826116,80.32038584101284,27978.0,0,0.0
A022,0.05271115688273606,0.0629606198781127,1.9943019943019942,7,5.171828428306306,67.70626659747872,88725.0,0,0.0
A023,0.032760074213967025,0.04053473890238814,1.7094017094017095,6,3.3682789332056755,69.87285953626005,96340.0,0,0.0
A024,0.04568951500433636,0.057357647789709115,1.4245014245014245,5,4.504486127983791,71.8159501816017,107367.0,0,0.0
A025,0.05933464572898734,0.07555194440136763,1.1396011396011396,4,5.661641334049347,73.80422207570876,118658.0,0,0.0
A026,0.0431057457155829,0.05357752079614276,1.4245014245014245,5,4.36441612885562,71.45458458176762,43165.0,0,0.0
A027,0.037446495337601395,0.04559841016939281,1.7094017094017095,6,3.82374808710206,69.57947266175101,96346.0,0,0.0
A028,0.05071963513535355,0.06423524462390118,0.5698005698005698,2,5.075270889403204,86.92618787495448,45352.0,0,0.0
A029,0.04413436254349892,0.05397325174392557,1.1396011396011396,4,4.4560815936939155,74.3890576597878,49709.0,0,0.0
A030,0.04581411639113366,0.05774377283469533,0.8547008547008548,3,4.571509516213127,80.26954609994046,70101.0,0,0.0
A031,0.047643521609160834,0.05923553598283526,0.8547008547008548,3,4.878183102650061,80.03208617429668,27936.0,0,0.0
A032,0.041300627199067165,0.0507600182610692,0.5698005698005698,2,4.200239941915719,87.15113517621354,45872.0,0,0.0
A033,0.047166731313430584,0.05844020034811999,1.4245014245014245,5,4.84752329111547,71.66259334691107,105559.0,0,0.0
A034,0.04542261568708845,0.06049079487563305,0.5698005698005698,2,4.5806732453543075,87.22305261763759,46100.0,0,0.0
A035,0.049122994397007236,0.060750019023730506,1.1396011396011396,4,4.791050604375917,74.44630478204677,50689.0,0,0.0
A036,0.03502356762035617,0.04556792789889286,1.4245014245014245,5,3.4301488850211386,72.08104208635052,105913.0,0,0.0
A037,0.05140001874713528,0.06527801054830172,0.8547008547008548,3,4.987883238525026,80.7760040902119,28438.0,0,0.0
A038,0.044962580449082294,0.057822725413114465,1.4245014245014245,5,4.357567322980932,71.3539004402526,43274.0,0,0.0
A039,0.04737775096704742,0.05939512120253192,0.8547008547008548,3,4.630578728682719,80.36712344312991,28327.0,0,0.0
A040,0.04595469545230367,0.05528427003323487,1.9943019943019942,7,4.549960077209106,67.37455467198356,87182.0,0,0.0
A041,0.03939159001523565,0.049475869070705655,1.1396011396011396,4,3.9328238079545135,74.6762126451801,122870.0,0,0.0
A042,0.045461138710714964,0.056153604255255986,1.1396011396011396,4,4.476397991769096,74.27096473931095,121283.0,0,0.0
A043,0.04816400935614738,0.06107284335776198,1.9943019943019942,7,4.744365952506921,68.68201327751831,90731.0,0,0.0
A044,0.06048818138853317,0.07255019194889646,0.5698005698005698,2,5.96511257053994,86.93103121146001,45817.0,0,0.0
A045,0.039918592880090885,0.052857461067311005,1.1396011396011396,4,4.007218357897709,74.17913781550145,49815.0,0,0.0
A046,0.038891425062457304,0.048111150958242796,1.4245014245014245,5,4.113085180314556,72.03277994102217,44213.0,0,0.0
A047,0.03621351295031225,0.047606677946586205,1.1396011396011396,4,3.654544121194552,73.75450986412835,19216.0,0,0.0
A048,0.03787630032193692,0.046790397102730176,1.4245014245014245,5,3.813660785149884,71.58192932756822,105622.0,0,0.0
A049,0.038556380284310444,0.048507556290045065,1.1396011396011396,4,3.8520755682091186,74.02131502222112,120087.0,0,0.0
A050,0.044996839903053164,0.056496435751043954,1.1396011396011396,4,4.410290108814194,73.45565043464882,19097.0,0,0.0
A051,0.0399471847903258,0.05117850572209719,1.1396011396011396,4,3.981080793254952,74.16618809912976,50367.0,0,0.0
A052,0.05315237845660097,0.06609070836908333,1.4245014245014245,5,5.230926259043846,70.81310217284395,102235.0,0,0.0
A053,0.04660026934430037,0.06184472542303523,0.5698005698005698,2,4.621470614769478,86.99730640999077,46186.0,0,0.0
A054,0.04956960161568512,0.060581709916394576,0.8547008547008548,3,4.924372806993304,80.52021808268968,28356.0,0,0.0
A055,0.042981579961055394,0.05203315506252083,1.4245014245014245,5,4.19863510742214,70.91203634116606,42460.0,0,0.0
A056,0.045582683610499886,0.05513303188544539,0.8547008547008548,3,4.570385137280266,80.63436800578754,71334.0,0,0.0
A057,0.044540670619543136,0.0524411504110423,0.8547008547008548,3,4.413594768646137,80.55189069523021,72044.0,0,0.0
A058,0.043204486566759424,0.05216731918495225,1.7094017094017095,6,4.4012127000284265,69.41322891496114,95371.0,0,0.0
A059,0.03405760523965979,0.04305118331841174,1.4245014245014245,5,3.379419904244131,71.79548952686878,107284.0,0,0.0
A060,0.04569935135834661,0.05635456688642339,1.9943019943019942,7,4.635570304546851,66.93826914682616,87410.0,0,0.0
A061,0.04186897160153649,0.04916640514712746,1.9943019943019942,7,4.21429843808924,68.38338532061353,90104.0,0,0.0
A062,0.03314876322049225,0.043235846405201644,1.1396011396011396,4,3.3282005065957074,74.75600073291395,122398.0,0,0.0
A063,0.04663348998185776,0.05728072779716582,1.4245014245014245,5,4.730531013129009,71.66565538956034,43701.0,0,0.0
A064,0.05519652241628214,0.07290750307442295,1.4245014245014245,5,5.36397098532592,71.29684613354446,43223.0,0,0.0
A065,0.030340986992841892,0.03816848702024423,1.7094017094017095,6,3.0287368894507325,70.11627325286395,98113.0,0,0.0
A066,0.047722475487206345,0.057955820048165074,1.1396011396011396,4,4.678605162656197,74.98333209867397,20244.0,0,0.0
A067,0.035193031448328874,0.04647942413920502,0.8547008547008548,3,3.5476994577198115,80.43440884864462,28070.0,0,0.0
A068,0.03236244748910788,0.041335678544992975,1.1396011396011396,4,3.2238946593733333,74.2787922293508,49668.0,0,0.0
A069,0.04572744306179014,0.05866097480605593,1.1396011396011396,4,4.510987556277067,73.41284963036354,19265.0,0,0.0
A070,0.044609856069972996,0.056663150175690125,1.4245014245014245,5,4.377502168733717,71.5238018003406,44098.0,0,0.0
A071,0.038421029735047636,0.048881080594443634,1.4245014245014245,5,3.8865996378062246,72.2005905447938,44503.0,0,0.0
A072,0.052018989210663925,0.06356979551526984,0.8547008547008548,3,5.163412528226404,80.61738834407704,73411.0,0,0.0
A073,0.03218116322720006,0.043182543879902884,1.4245014245014245,5,3.144539104962226,71.48109136624647,105188.0,0,0.0
A074,0.04497653575250018,0.05701747072551073,0.8547008547008548,3,4.590545355949059,80.46959903906652,28137.0,0,0.0
A075,0.042761998830506444,0.05332051849591709,0.8547008547008548,3,4.311950564015675,80.59018643486218,28184.0,0,0.0
A076,0.037870549057818226,0.048677050939393354,1.4245014245014245,5,3.7691708483682924,71.07312565997887,43076.0,0,0.0
A077,0.0520040030005675,0.06265530962434289,0.5698005698005698,2,5.226312123743964,86.90996088558083,45772.0,0,0.0
A078,0.04749514312050181,0.060976273063375185,0.8547008547008548,3,4.62889719055639,80.05553931598948,27387.0,0,0.0
A079,0.046710855133676205,0.058396086600965146,1.4245014245014245,5,4.578168470457683,71.23326592348704,42621.0,0,0.0
A080,0.047265011568165406,0.05940641056219935,0.8547008547008548,3,4.695438875817586,80.71472375536601,72389.0,0,0.0
A081,0.03442519146146433,0.04284035379570906,1.4245014245014245,5,3.4179802301303894,71.56332248941492,43776.0,0,0.0
A082,0.041618324164247975,0.04984154565276804,1.1396011396011396,4,4.232568169968406,74.02419016368424,19401.0,0,0.0
A083,0.04157304572806669,0.05285571778403707,1.1396011396011396,4,4.069347206451,73.94644707555904,120600.0,0,0.0
A084,0.043052248895369356,0.05453899434925707,1.7094017094017095,6,4.221881088747267,69.39847024761247,96357.0,0,0.0
A085,0.03629928575101181,0.045740466705141716,1.9943019943019942,7,3.5641459499166923,68.64279716924553,91564.0,0,0.0
A086,0.05129739267663917,0.06217903803673369,0.5698005698005698,2,5.103361316907136,86.79209569957601,45854.0,0,0.0
A087,0.036512335722416606,0.04472460869855349,1.4245014245014245,5,3.6986845523734493,71.59093233339014,105006.0,0,0.0
A088,0.046503016411335266,0.055323682853914306,0.5698005698005698,2,4.7714354140043485,87.09317534815727,45278.0,0,0.0
A089,0.050410361054783956,0.060748718466596435,0.8547008547008548,3,5.2012570219528955,80.78858590273809,72082.0,0,0.0
A090,0.04456170867103715,0.05613327546756865,1.1396011396011396,4,4.574664508264924,74.78001435099513,19801.0,0,0.0
A091,0.048741515636193646,0.06196533931117578,0.8547008547008548,3,4.857071846170111,80.50517915713303,71425.0,0,0.0
A092,0.04358639590461465,0.05629910484373024,1.1396011396011396,4,4.38021915459069,73.40446019335208,19058.0,0,0.0
A093,0.03974778740234276,0.04998237402907316,1.1396011396011396,4,3.954126586712186,73.92949372410065,49240.0,0,0.0
A094,0.039500948317785736,0.053787447667292876,0.8547008547008548,3,3.881736586553868,80.31273015693162,28352.0,0,0.0
A095,0.039502746422454924,0.05031993126586579,1.4245014245014245,5,3.9085923316703473,71.50683134051731,43597.0,0,0.0
A096,0.041695162513424665,0.051344320273277046,1.1396011396011396,4,4.176461295354748,73.56010588127909,48354.0,0,0.0
A097,0.04159100629715523,0.05317530149005283,1.4245014245014245,5,4.126947688522484,71.01783771307989,43078.0,0,0.0
A098,0.03822685977897492,0.050527449773709376,0.5698005698005698,2,3.7617404615206005,86.96581196581197,45991.0,0,0.0
A099,0.042758873766623226,0.051768307206643896,1.1396011396011396,4,4.280372834381593,74.56811313010708,19985.0,0,0.0
A100,0.03967454269429209,0.052397696645788326,1.1396011396011396,4,3.862232696433085,75.10365831284629,20468.0,0,0.0
B001,0.3854117187393066,0.5083548694686146,1.1396011396011396,4,60.87236349853594,77.18073970690858,1106.0,0,0.0
B002,0.388395058991413,0.48572889756363535,0.8547008547008548,3,58.88251782793888,77.75919732441471,465.0,0,0.0
B003,0.3207853888680711,0.3931978714124204,1.4245014245014245,5,36.465430819058504,75.57333333333334,1417.0,0,0.0
B004,0.2932813073751354,0.37214471213147154,1.4245014245014245,5,33.61003201966019,70.79326923076923,2356.0,0,0.0
B005,0.33065012390894766,0.4324703728366249,1.1396011396011396,4,30.282440997093516,73.25066430469442,2481.0,0,0.0
B006,0.3332317826280284,0.4145724995968146,0.8547008547008548,3,35.10518536934774,76.79856115107914,1708.0,0,0.0
B007,0.28897277798791576,0.34596725447844673,1.7094017094017095,6,26.8795225511397,67.7846008502598,2870.0,0,0.0
B008,0.35034550837427336,0.4503864119746007,2.2792022792022792,8,46.79416241246763,71.875,1863.0,0,0.0
B009,0.2773698276150561,0.3571337972494075,0.8547008547008548,3,33.54477814252903,75.65337001375516,550.0,0,0.0
B010,0.3318433595295368,0.4084150895819127,0.5698005698005698,2,36.185580994589884,83.54632587859425,1046.0,0,0.0
B011,0.30788092571250436,0.39185611528088454,0.5698005698005698,2,36.736150842758754,82.01634877384197,903.0,0,0.0
B012,0.29253800643551514,0.36712586053344193,1.1396011396011396,4,29.499675377174135,73.75964718853363,669.0,0,0.0
B013,0.31176580786884234,0.4034459627258371,1.1396011396011396,4,37.60936261369366,74.55985915492957,1694.0,0,0.0
B014,0.3166758256520638,0.4056314221931154,1.7094017094017095,6,34.586130177689476,73.33479404031551,3347.0,0,0.0
B015,0.3956092772938652,0.4952089687132866,1.7094017094017095,6,58.84060698989483,72.19424460431655,2007.0,0,0.0
B016,0.2680409932196398,0.3213700775810559,1.1396011396011396,4,31.960860184005448,76.4079822616408,1723.0,0,0.0
B017,0.29689456051028384,0.3785398243850095,1.1396011396011396,4,55.00530202159444,76.7816091954023,668.0,0,0.0
B018,0.32521976792309754,0.4073480692231827,0.5698005698005698,2,34.01322165102961,78.28220858895706,638.0,0,0.0
B019,0.3894249390769905,0.45800882504037294,1.7094017094017095,6,70.28364321511606,74.02941176470588,2517.0,0,0.0
B020,0.2470336800365686,0.30504025157134085,0.8547008547008548,3,25.64332861939112,79.3401413982718,1010.0,0,0.0
B021,0.31310109131228514,0.4008740397539638,1.1396011396011396,4,36.95073433679574,77.60532150776052,700.0,0,0.0
B022,0.2989166324889824,0.35596164546086484,1.4245014245014245,5,30.331158246935207,71.01045296167247,3057.0,0,0.0
B023,0.3988267413200369,0.4963694852489116,2.2792022792022792,8,51.146904522004135,70.35991531404375,1994.0,0,0.0
B024,0.28540548914469566,0.3460207433921077,1.7094017094017095,6,30.068314063717587,72.09028920761816,3066.0,0,0.0
B025,0.34637394928298765,0.4324629847248092,1.4245014245014245,5,32.36458267300485,68.89375684556407,1258.0,0,0.0
B026,0.25828756596849684,0.33472633200942986,1.7094017094017095,6,26.65104816923245,72.55613517804491,3199.0,0,0.0
B027,0.29111064471287634,0.3434766500955591,1.1396011396011396,4,32.720731765588454,75.42992261392949,3509.0,0,0.0
B028,0.21265446975715316,0.26532446040340546,1.4245014245014245,5,23.49383853424514,74.18138519547529,3738.0,0,0.0
B029,0.19420729821904514,0.24736196027278745,1.7094017094017095,6,19.428549702980753,70.96774193548387,3256.0,0,0.0
B030,0.2610030383069715,0.349305433321385,0.5698005698005698,2,24.53755755877543,81.13348247576435,1088.0,0,0.0
B031,0.31153495252202557,0.39370312945040487,1.4245014245014245,5,37.10231489736388,73.84324834749764,1564.0,0,0.0
B032,0.3117086065802745,0.39318993046971645,1.4245014245014245,5,35.416953686919875,71.82473655019412,1295.0,0,0.0
B033,0.3007282341522485,0.3591192951673734,1.1396011396011396,4,29.578790010667895,73.15068493150685,3204.0,0,0.0
B034,0.39892880419584476,0.49017259375339756,0.8547008547008548,3,50.80053308579823,72.3404255319149,340.0,0,0.0
B035,0.2857297682446569,0.3623488559446953,0.8547008547008548,3,49.36406119675263,80.75273939971414,1695.0,0,0.0
B036,0.2753145176680024,0.3331128911360626,0.8547008547008548,3,31.439382378221957,79.7925608011445,2231.0,0,0.0
B037,0.4839856224896094,0.5998712067132641,0.5698005698005698,2,78.3883026288112,83.1447963800905,735.0,0,0.0
B038,0.18365266257627683,0.22134161338415065,1.4245014245014245,5,19.38073049426202,73.49674454232094,3838.0,0,0.0
B039,0.23410160698705418,0.2966391629028742,1.4245014245014245,5,25.453168409656797,73.7885462555066,670.0,0,0.0
B040,0.24990388780087797,0.3177697451015601,1.9943019943019942,7,29.591311548582038,68.92361111111111,3176.0,0,0.0
B041,0.23372791571701632,0.29691254491510033,1.7094017094017095,6,26.851953634994196,72.61698440207972,3771.0,0,0.0
B042,0.32884533346358974,0.43427238705860505,1.9943019943019942,7,37.41665631691449,66.88572471705002,1832.0,0,0.0
B043,0.4125584250612859,0.4892566705598349,0.5698005698005698,2,50.115893895490984,82.14654282765737,796.0,0,0.0
B044,0.3669050781912827,0.441551929699408,0.8547008547008548,3,41.8971541302051,76.28128724672229,1280.0,0,0.0
B045,0.4403159230376086,0.5441922705704093,1.1396011396011396,4,70.06229750623959,70.28301886792453,447.0,0,0.0
B046,0.26743949249178556,0.3284721135308798,0.5698005698005698,2,29.431833872777112,82.2289156626506,1092.0,0,0.0
B047,0.23615731164637838,0.29614914052324137,1.4245014245014245,5,22.34059121335405,71.72449508026929,1385.0,0,0.0
B048,0.3477238917704197,0.4046550691439697,1.1396011396011396,4,34.3063135627157,75.47507265817124,3376.0,0,0.0
B049,0.29478153960183634,0.3570635111069995,0.5698005698005698,2,28.0164604137284,82.2970007315289,1125.0,0,0.0
B050,0.24451528196419095,0.295081420458791,1.1396011396011396,4,27.705642288231868,75.12087912087912,1709.0,0,0.0
B051,0.22205739911520708,0.2728936285100006,1.7094017094017095,6,25.128673610866077,71.59926470588235,3116.0,0,0.0
B052,0.23181309017761279,0.305900191927258,1.4245014245014245,5,26.644589965942618,74.18235877106045,1497.0,0,0.0
B053,0.4218110980107893,0.4836083959416333,1.4245014245014245,5,51.877754819167265,73.02810516772439,1611.0,0,0.0
B054,0.2544988380730683,0.3110147474248232,1.7094017094017095,6,31.796437820178657,72.48080614203455,3021.0,0,0.0
B055,0.24908401419263407,0.3156682779783236,1.1396011396011396,4,24.824622591710348,76.36226982337467,2032.0,0,0.0
B056,0.29757346498953346,0.36674826211123784,1.1396011396011396,4,36.29410906270515,74.52229299363057,585.0,0,0.0
B057,0.32662332736474325,0.41083155970447427,0.8547008547008548,3,39.12419408305629,77.227200843437,1465.0,0,0.0
B058,0.36189956450498245,0.4403549504593625,0.5698005698005698,2,42.244342497767825,84.17366946778712,1202.0,0,0.0
B059,0.2991080961317381,0.3856334769731337,1.4245014245014245,5,37.53702809681764,72.72272272272272,1453.0,0,0.0
B060,0.33555982391646205,0.4060500500249648,1.1396011396011396,4,41.2923163653527,75.45931758530183,575.0,0,0.0
B061,0.3190047549960076,0.39277572721170434,0.8547008547008548,3,33.447505773875584,74.01273885350318,581.0,0,0.0
B062,0.3845657404588973,0.4615164956777544,1.4245014245014245,5,35.27801055992218,70.58476077968105,1195.0,0,0.0
B063,0.24029648893732658,0.3176671674627863,1.1396011396011396,4,26.43530689091142,74.82088024564995,1462.0,0,0.0
B064,0.27250646472546497,0.3308706167026339,1.4245014245014245,5,29.206711762355585,73.78229563744176,3484.0,0,0.0
B065,0.32348857939677694,0.3857740720186342,0.8547008547008548,3,35.020315788633624,76.21878715814506,641.0,0,0.0
B066,0.34243946697858324,0.42153801780138345,0.8547008547008548,3,33.1639517067529,78.20636451301833,1622.0,0,0.0
B067,0.24795932800192608,0.31485900682076773,1.4245014245014245,5,27.120983355288626,69.25619834710743,1257.0,0,0.0
B068,0.3177469105470064,0.4122234672458394,0.8547008547008548,3,31.597532846510656,76.4797507788162,1473.0,0,0.0
B069,0.27009154376580946,0.3330992748542295,0.8547008547008548,3,29.04701844906492,78.50549450549451,1786.0,0,0.0
B070,0.2629647839811311,0.34324230152645774,0.5698005698005698,2,24.099893600736966,81.53846153846153,1007.0,0,0.0
B071,0.4179060598947503,0.5121178298894848,0.8547008547008548,3,58.73074973376697,77.40667976424362,788.0,0,0.0
B072,0.29273418007050034,0.3556856795790631,1.4245014245014245,5,35.89239829907281,71.35214007782102,1467.0,0,0.0
B073,0.24555610223804633,0.307090503865916,1.9943019943019942,7,25.67669551648403,68.59266362982498,2861.0,0,0.0
B074,0.25962124489782046,0.3349560561444488,1.4245014245014245,5,27.289688297202456,66.81127982646422,1232.0,0,0.0
B075,0.3671509181284135,0.46272697310532956,1.4245014245014245,5,39.887840214150806,69.67509025270758,386.0,0,0.0
B076,0.21787302302220118,0.2736166420712644,0.8547008547008548,3,22.69420281315653,78.67961165048544,2026.0,0,0.0
B077,0.3487253325941212,0.4289414683324303,0.8547008547008548,3,40.86408832246798,76.67185069984448,493.0,0,0.0
B078,0.32869358357420375,0.43767875472164486,1.7094017094017095,6,39.95362532577253,70.94552285535379,1133.0,0,0.0
B079,0.30218699317147224,0.3823855004686488,0.8547008547008548,3,36.66032271853024,73.89558232931726,552.0,0,0.0
B080,0.4246189228507147,0.5427254511203365,1.1396011396011396,4,44.720357058793795,79.11392405063292,750.0,0,0.0
B081,0.26356793144706897,0.3402593509685558,1.7094017094017095,6,35.15447982582423,74.605292417167,3355.0,0,0.0
B082,0.40853832374834126,0.4919858231607615,0.5698005698005698,2,62.34380235504797,84.46969696969697,1115.0,0,0.0
B083,0.3340751109020964,0.40390967600157174,1.9943019943019942,7,41.13110044974286,70.88408644400785,1804.0,0,0.0
B084,0.44034740082712454,0.5449769715160264,1.4245014245014245,5,42.03308879388308,71.47887323943662,406.0,0,0.0
B085,0.395866484351982,0.47110629833553597,1.7094017094017095,6,41.41509792280927,71.53053132434576,2706.0,0,0.0
B086,0.32326548057082155,0.41714803378537985,0.8547008547008548,3,35.73525367000475,73.23568575233023,550.0,0,0.0
B087,0.3204827113836663,0.398179929238001,1.9943019943019942,7,39.84583797446487,68.82859033752482,2080.0,0,0.0
B088,0.3521714081037924,0.4239739145204422,0.8547008547008548,3,44.462807164901044,80.343716433942,748.0,0,0.0
B089,0.351833848613107,0.4439540123755888,1.1396011396011396,4,54.34959804441476,75.99082869308876,2320.0,0,0.0
B090,0.2938845488215656,0.38753459001471574,1.4245014245014245,5,27.025857742575383,73.19185794716327,3380.0,0,0.0
B091,0.353995894223849,0.4415068938598978,0.8547008547008548,3,42.29007400931642,79.46859903381642,1645.0,0,0.0
B092,0.2819893104204601,0.3718129301630723,0.5698005698005698,2,37.987075736353674,81.42444658325313,846.0,0,0.0
B093,0.23939306912669667,0.2993486412980989,1.1396011396011396,4,25.680105734695413,75.79057591623037,3619.0,0,0.0
B094,0.2843092292403717,0.35725532384588016,1.1396011396011396,4,32.78925040142681,76.17593158216249,1247.0,0,0.0
B095,0.2829733608214972,0.3317439461118331,1.4245014245014245,5,32.824251216052666,72.66274589332792,3583.0,0,0.0
B096,0.37439009149911856,0.4733523249311732,0.5698005698005698,2,41.01546826417696,77.66367137355584,605.0,0,0.0
B097,0.20519456673104342,0.24830345684259908,1.7094017094017095,6,22.152535836716535,70.97462651173821,2993.0,0,0.0
B098,0.34731324121716667,0.4052653748526782,1.4245014245014245,5,49.65552205794302,73.18941504178274,1051.0,0,0.0
B099,0.3066378116050235,0.394534044411185,1.9943019943019942,7,29.7456820682035,69.4167852062589,976.0,0,0.0
B100,0.21702107838167214,0.2705042379907283,1.1396011396011396,4,21.209599579495688,75.11129097531364,1856.0,0,0.0
C001,0.06706958086787079,0.08194491602167656,0.8547008547008548,3,6.848543319478516,80.84229488509197,29619.0,0,0.0
C002,0.061694635763511765,0.07531464573398444,1.9943019943019942,7,6.315690746801255,69.08047774498114,70679.0,0,0.0
C003,0.05445859647070918,0.06788813906359208,1.1396011396011396,4,5.437972451865626,74.57449235683322,16343.0,0,0.0
C004,0.07243190307973559,0.09044681068842367,0.5698005698005698,2,7.400574063415548,87.11021531425027,44948.0,0,0.0
C005,0.058010576367598966,0.07040164456262525,0.8547008547008548,3,5.801443545851966,80.5372548519873,63200.0,0,0.0
C006,0.05732941931957706,0.07058997808626627,0.8547008547008548,3,5.650716273072214,80.45582814630788,59588.0,0,0.0
C007,0.053686378097739136,0.06719352581988422,0.8547008547008548,3,5.350395665276524,80.31229178133782,27723.0,0,0.0
C008,0.05968466399062541,0.07580184720444456,1.1396011396011396,4,5.882869700865588,75.07725275237192,96698.0,0,0.0
C009,0.059595390078817166,0.07394121216741738,0.8547008547008548,3,6.025600223438323,80.41234107080368,27575.0,0,0.0
C010,0.05855717499162102,0.06900655042325082,1.9943019943019942,7,5.760871012908338,67.84615384615384,64386.0,0,0.0
C011,0.06374521331235382,0.08188961162339323,1.4245014245014245,5,6.390249577367111,72.42549981139193,40320.0,0,0.0
C012,0.05178152636180133,0.0674859549616206,1.4245014245014245,5,5.19310810117409,72.1206203762815,38410.0,0,0.0
C013,0.07045053060726791,0.08431144211852824,1.1396011396011396,4,7.149878247047782,75.07326410651669,44318.0,0,0.0
C014,0.0658765728997484,0.07955382485679878,0.5698005698005698,2,6.610818278735964,87.1735356648267,44693.0,0,0.0
C015,0.05479119784737987,0.06883531547499293,0.8547008547008548,3,5.522307276507601,80.58290227487625,57952.0,0,0.0
C016,0.06209327597030199,0.07620948564307793,1.1396011396011396,4,6.423546589791434,75.1893990638275,111157.0,0,0.0
C017,0.07114289709500682,0.08468328114363365,1.4245014245014245,5,7.019968015462079,71.7966751356056,81668.0,0,0.0
C018,0.05489607814540255,0.06858419785624069,1.4245014245014245,5,5.51311598052846,71.6475958487708,35002.0,0,0.0
C019,0.04524105563166953,0.057721237352219734,0.8547008547008548,3,4.531678809793608,80.54966954240453,63863.0,0,0.0
C020,0.06464168617500315,0.07683125348357633,1.1396011396011396,4,6.348827416091584,73.89917579315795,104724.0,0,0.0
C021,0.05818093767999896,0.06868394784315307,1.9943019943019942,7,5.848872857980267,68.12635833301559,71470.0,0,0.0
C022,0.06281549480503575,0.08107311001925688,1.4245014245014245,5,6.206982302890516,71.74923195084484,37367.0,0,0.0
C023,0.05282177497378072,0.06619419957357678,1.1396011396011396,4,5.2055942686242345,75.0143017322258,98346.0,0,0.0
C024,0.06899086714196127,0.08509511064073258,0.5698005698005698,2,6.730646911669537,86.75779258783771,45953.0,0,0.0
C025,0.047539489754734945,0.0610146895001292,0.8547008547008548,3,4.711858826043412,80.31520185172579,23595.0,0,0.0
C026,0.064997616972497,0.0822759557832264,1.9943019943019942,7,6.414806215255275,68.68829578634609,80219.0,0,0.0
C027,0.055066944255511535,0.06883184443390736,1.1396011396011396,4,5.428108633293427,74.39446366782006,17200.0,0,0.0
C028,0.0511202808917652,0.06499744886362764,1.4245014245014245,5,5.153282688699136,72.42088593977262,84148.0,0,0.0
C029,0.06442356264025718,0.0768103780767577,0.8547008547008548,3,6.368254171109515,80.52056060372709,26141.0,0,0.0
C030,0.04668547095166488,0.057268187969607864,0.8547008547008548,3,4.646926776914874,80.59937847524021,67693.0,0,0.0
C031,0.04710151751533644,0.061714276198911316,1.1396011396011396,4,4.718507731444169,75.01293560655058,115979.0,0,0.0
C032,0.05792178361651755,0.07303193921725777,1.1396011396011396,4,5.882401127361083,74.80157922585371,18378.0,0,0.0
C033,0.056752205454907945,0.07220175883072956,1.4245014245014245,5,5.682245208353183,72.11443335213848,88201.0,0,0.0
C034,0.05692781056248366,0.07621595401590774,1.7094017094017095,6,5.570790650188444,69.60677533238189,74134.0,0,0.0
C035,0.05599552937896789,0.07051453544371417,1.1396011396011396,4,5.598483948620753,75.2207313944187,49839.0,0,0.0
C036,0.1211496846738748,0.13659319956968724,0.8547008547008548,3,11.831671092000732,80.05482353674111,25700.0,0,0.0
C037,0.06843274594740115,0.08473414892193085,0.5698005698005698,2,6.904011882469933,86.88416510169017,43489.0,0,0.0
C038,0.06255266996672053,0.08132209733077023,1.1396011396011396,4,6.112884536161412,74.61738543118686,103848.0,0,0.0
C039,0.053847541860930014,0.06818908018799713,0.8547008547008548,3,5.428852516512894,80.19177673307962,64479.0,0,0.0
C040,0.051059794402098985,0.06311581648498743,0.8547008547008548,3,5.057418551140349,80.63847851927322,23744.0,0,0.0
C041,0.0676431779964923,0.0820754107683691,0.8547008547008548,3,6.635890033941477,80.16382617003639,57055.0,0,0.0
C042,0.05917811713351002,0.07537511902167703,1.9943019943019942,7,5.769739237781982,68.08169803764518,66300.0,0,0.0
C043,0.05784165461317801,0.07242974484970979,1.4245014245014245,5,5.6991870065279375,71.42274765593152,33288.0,0,0.0
C044,0.04353816810788803,0.05516423705470341,1.1396011396011396,4,4.312268217109787,74.73677059982337,44008.0,0,0.0
C045,0.05687363910520674,0.0711458684221781,1.1396011396011396,4,5.847065703844131,75.50808434026936,21809.0,0,0.0
C046,0.06774031673519972,0.08253977071370318,1.1396011396011396,4,6.78208339169635,74.13736903376018,95526.0,0,0.0
C047,0.060087949767156076,0.07305131111656815,1.9943019943019942,7,5.9616729373103805,67.94324200379465,75559.0,0,0.0
C048,0.04674732529666216,0.06040755044194753,1.1396011396011396,4,4.723305950266229,74.84564538388902,20608.0,0,0.0
C049,0.05272545224561606,0.06575054790517396,1.4245014245014245,5,5.2027999965944804,71.57460514304415,83111.0,0,0.0
C050,0.0729552658323761,0.0899272729087069,0.8547008547008548,3,7.107621292637069,80.59696261682244,68991.0,0,0.0
C051,0.06329016961965928,0.0774922695043596,0.5698005698005698,2,6.507154627608255,86.99265202529833,42502.0,0,0.0
C052,0.0490609220688398,0.059764397985184826,1.9943019943019942,7,4.9145005779852236,68.44099603031395,68274.0,0,0.0
C053,0.09378292105341178,0.10640942088075643,1.4245014245014245,5,9.25524591601377,71.3579174255209,42707.0,0,0.0
C054,0.06472823275267026,0.0809368795107324,0.8547008547008548,3,6.499777625614884,80.60196705770825,27208.0,0,0.0
C055,0.07114216301536967,0.0855695535649453,0.5698005698005698,2,7.222236562934846,87.05929309503748,39262.0,0,0.0
C056,0.058723131423928904,0.0755700026696132,0.8547008547008548,3,5.704423034211333,80.468545044336,61346.0,0,0.0
C057,0.06162741229243256,0.07662622594872324,0.8547008547008548,3,6.28774853915583,80.70679792084096,27793.0,0,0.0
C058,0.06286913491658354,0.07724899117935403,1.4245014245014245,5,6.314261327072246,71.87399224199092,78007.0,0,0.0
C059,0.05068268564462974,0.06546083726363833,1.4245014245014245,5,5.032419347260806,71.97744831906452,41364.0,0,0.0
C060,0.05914659276913849,0.07214787580154841,0.8547008547008548,3,5.8813870918578415,80.30266048328045,26320.0,0,0.0
C061,0.041440603392883184,0.053952828854756475,0.8547008547008548,3,4.2436040485755955,80.6604353708031,26234.0,0,0.0
C062,0.0724964602814298,0.08924253374574866,0.8547008547008548,3,7.033663514001763,80.22266299827244,25076.0,0,0.0
C063,0.057349076780609284,0.07242935807212214,1.4245014245014245,5,5.6085017673524,71.42546651349086,92016.0,0,0.0
C064,0.0540798069309971,0.07464621870007966,1.4245014245014245,5,5.34541681301992,71.43315165117025,40104.0,0,0.0
C065,0.053507947755950844,0.06385816225947477,1.7094017094017095,6,5.285134554808565,69.65134636139034,78091.0,0,0.0
C066,0.06030184629822802,0.07755329940460727,1.4245014245014245,5,5.890404955117134,71.59563460299486,36672.0,0,0.0
C067,0.08350414639543555,0.09739954153998387,1.1396011396011396,4,8.284615831688956,74.94766505636072,18617.0,0,0.0
C068,0.061040365738987884,0.07155031551693027,1.4245014245014245,5,6.035330989491703,71.70861550452577,97523.0,0,0.0
C069,0.059828829650091946,0.07663486372473031,0.8547008547008548,3,5.960048587513376,80.76670856330948,29559.0,0,0.0
C070,0.0552592100796561,0.07054775980803134,1.9943019943019942,7,5.704311410121634,68.2503414667049,80949.0,0,0.0
C071,0.04689403834269075,0.059217586809533616,0.8547008547008548,3,4.6160931777513285,80.25179663198541,59855.0,0,0.0
C072,0.06711572229359035,0.08136183879417862,1.4245014245014245,5,6.817827406073708,72.05095356211555,79300.0,0,0.0
C073,0.05529024966030979,0.06872114671508378,1.1396011396011396,4,5.575511350618705,74.695911480813,19037.0,0,0.0
C074,0.05748901366070193,0.06797796932082421,1.1396011396011396,4,5.7923690618932975,74.86036036036036,49857.0,0,0.0
C075,0.05574719821270666,0.06870002303022765,0.8547008547008548,3,5.5738220151587194,80.6436688889416,67981.0,0,0.0
C076,0.06024153213964563,0.07472004721063574,0.5698005698005698,2,6.246072366741111,87.07763034165708,41671.0,0,0.0
C077,0.0776888140806735,0.09564311230899102,0.8547008547008548,3,7.594517640951171,80.66363280190471,26765.0,0,0.0
C078,0.06692131735114405,0.08464065999533665,1.1396011396011396,4,6.767166860690919,74.72915398660986,104363.0,0,0.0
C079,0.06318816947868011,0.07575778221143871,1.1396011396011396,4,6.244570789637905,75.08998764348776,41931.0,0,0.0
C080,0.059331695484258186,0.07256676952084966,1.4245014245014245,5,5.8963079207681846,71.96142391150191,35518.0,0,0.0
C081,0.056246935488331325,0.06833462818819332,1.4245014245014245,5,5.534505333107817,72.05433419315142,91344.0,0,0.0
C082,0.06832729606247082,0.0833574425685973,0.8547008547008548,3,6.980607320816794,80.64234595915516,27720.0,0,0.0
C083,0.051439931099347566,0.0627649990659491,1.4245014245014245,5,5.195197947397818,71.85084438399637,95091.0,0,0.0
C084,0.048722117229451106,0.06004070484330439,1.1396011396011396,4,4.804443324052961,74.39193754222656,39639.0,0,0.0
C085,0.05216309048527311,0.06611588347754578,1.7094017094017095,6,5.384045331370881,70.56037018156151,89968.0,0,0.0
C086,0.048086588719170154,0.05942513996743424,0.8547008547008548,3,4.764005275740706,80.61682607846964,28910.0,0,0.0
C087,0.04622212034077861,0.057377100860637784,0.8547008547008548,3,4.623881437044752,80.18794749403342,26879.0,0,0.0
C088,0.07062243315613088,0.08831054263336059,1.4245014245014245,5,6.9615348416698986,71.00431415842591,90686.0,0,0.0
C089,0.0699967715932804,0.08575692205633594,1.4245014245014245,5,6.849738689620064,71.70751187523645,34117.0,0,0.0
C090,0.061467987625069706,0.0766487080738823,0.8547008547008548,3,6.32408047802252,80.95956473352294,65472.0,0,0.0
C091,0.07051878344216148,0.08581747314905758,0.8547008547008548,3,6.896413666758382,80.1713990980387,60620.0,0,0.0
C092,0.055327853202649914,0.06756381994487619,1.7094017094017095,6,5.483689614711716,69.42044771634616,73930.0,0,0.0
C093,0.051438531186304,0.062204663033331664,1.1396011396011396,4,5.072366678960205,74.26107910689409,19723.0,0,0.0
C094,0.04157051672278926,0.05451859764290177,1.1396011396011396,4,4.132571799737242,74.73771724929728,18878.0,0,0.0
C095,0.05828197466021016,0.07243077015516343,1.7094017094017095,6,5.735863239802906,69.45394060465233,83094.0,0,0.0
C096,0.06461469023247553,0.07840155656305162,1.1396011396011396,4,6.555473713697829,74.96708144051615,45547.0,0,0.0
C097,0.05191826521275865,0.06293145509274467,1.4245014245014245,5,5.160576597824804,71.57073748642512,36247.0,0,0.0
C098,0.05451143480045878,0.06837368727108818,0.8547008547008548,3,5.412264885420216,80.43853746074473,71719.0,0,0.0
C099,0.08823785739026807,0.10582216266414379,1.1396011396011396,4,8.631854175102797,74.6900876220893,108512.0,0,0.0
C100,0.059277761507760374,0.0760687678059859,0.5698005698005698,2,6.10403015273859,87.36615137229104,47812.0,0,0.0
D001,0.37427255405056964,0.3798988644123337,1.4245014245014245,5,37.18789252917391,67.2254114793698,68740.0,0,0.0
D002,0.4308477987736274,0.4407889027933746,1.4245014245014245,5,43.06961409002348,77.44798890429958,47464.0,0,0.0
D003,0.04007109088868419,0.054108845382914106,1.1396011396011396,4,3.982411634214786,73.95390153817382,94908.0,0,0.0
D004,0.33587027646468787,0.4015943332895433,1.4245014245014245,5,41.2500122613931,78.75454228682364,31642.0,0,0.0
D005,2.4697294535761185,2.546322639126573,1.4245014245014245,5,1154.1387441660838,91.19020035436827,53525.0,0,0.0
D006,0.05985781765889764,0.06973296255590573,1.1396011396011396,4,5.969719884266428,74.30330197122157,95479.0,0,0.0
D007,0.05330249080039002,0.06593875195346866,1.9943019943019942,7,5.27850775369743,67.60201970035592,65336.0,0,0.0
D008,0.37358873504944845,0.3977434722716696,0.8547008547008548,3,39.591081876418706,84.41082541762202,82466.0,0,0.0
D009,0.23963631869294272,0.24735973539094813,1.9943019943019942,7,23.678219395615084,62.06026685860934,184512.0,0,0.0
D010,442.13544449364446,469.1283389688599,1.4245014245014245,5,6310.578960805595,99.8443481553153,23734.0,0,0.0
D011,0.4844100396618335,0.49194155000220124,0.5698005698005698,2,48.94741351506119,89.25350039627128,47299.0,0,0.0
D012,0.1730145108005968,0.20129035606241996,1.1396011396011396,4,19.430393572788766,78.10501803744918,40920.0,0,0.0
D013,0.16184609613898643,0.17056923643357555,0.8547008547008548,3,15.982305686712486,78.5383218219039,129289.0,0,0.0
D014,0.2951710935111171,0.3338158606896735,1.1396011396011396,4,35.550068543109674,79.59821428571429,26745.0,0,0.0
D015,0.3548617671345078,0.3597812201843082,1.1396011396011396,4,35.25046039318328,67.10828954919765,150844.0,0,0.0
D016,0.19824513078420822,0.20632995795236736,1.1396011396011396,4,19.592433963201103,71.35018818783846,89857.0,0,0.0
D017,0.21918591695613351,0.22650569326871411,0.5698005698005698,2,21.68903178882151,85.73657557370318,93963.0,0,0.0
D018,0.2234941345448165,0.24934103752662368,0.8547008547008548,3,21.42547731349957,76.64438043392087,87009.0,0,0.0
D019,0.2543196438430337,0.2644750550588476,1.4245014245014245,5,25.119051628111034,66.56496305418719,216203.0,0,0.0
D020,,,1.4245014245014245,5,,100.0,6888.0,0,0.0
D021,0.2477514719208264,0.2541435160274136,1.4245014245014245,5,24.56404775626051,67.01649856109077,191887.0,0,0.0
D022,0.448094029345652,0.466246217570602,1.4245014245014245,5,49.73879248050403,79.02194012694288,31623.0,0,0.0
D023,0.47954168655647195,0.5095807842446223,0.5698005698005698,2,56.11654742986516,90.19022515799168,28400.0,0,0.0
D024,0.5885928549989624,0.6083676424605281,1.1396011396011396,4,66.83206286040428,81.63098221152654,32903.0,0,0.0
D025,0.04338027839291197,0.05646861161932033,1.9943019943019942,7,4.254472355934247,68.04614933912355,78973.0,0,0.0
D026,0.4880418563965443,0.5218506418939544,1.4245014245014245,5,53.518871569081305,78.89560147071568,127459.0,0,0.0
D027,0.21523234669270805,0.2386487780225715,0.8547008547008548,3,20.75487052640842,79.44949783393,57036.0,0,0.0
D028,0.27216359005952456,0.28329920445096507,0.8547008547008548,3,28.914229186167262,83.58149837898104,56975.0,0,0.0
D029,1.0500795718107312,1.0801075616449018,1.1396011396011396,4,150.7906666828048,84.24209797738983,10954.0,0,0.0
D030,1.4038246783500115,1.435532014372496,1.4245014245014245,5,321.994510370614,87.12102698273507,60604.0,0,0.0
D031,21.38076110843143,22.048138076987485,0.8547008547008548,3,1052.5198259688743,98.01071155317521,5124.0,0,0.0
D032,0.4149545647069284,0.42367608969386966,0.5698005698005698,2,42.1297942232162,89.28200351116048,49839.0,0,0.0
D033,0.1409617989479108,0.1606303779651189,1.1396011396011396,4,13.647159500783973,72.35315747542046,165285.0,0,0.0
D034,173.3482870088504,183.41557311718478,1.1396011396011396,4,2886.1130618156353,99.62690661692089,9079.0,0,0.0
D035,0.21801240238388395,0.2274707692687591,1.1396011396011396,4,21.525950870920685,69.58953909039654,236983.0,0,0.0
D036,0.21242166605304438,0.2507266751467394,0.5698005698005698,2,20.06296007774359,84.46047578018897,57836.0,0,0.0
D037,0.05337293774654308,0.0632873955556538,0.8547008547008548,3,5.341580550633042,80.06771973968284,51550.0,0,0.0
D038,0.26831027349302844,0.28732036776080916,0.5698005698005698,2,26.142713990842182,86.25091883945171,79789.0,0,0.0
D039,0.04780370515541102,0.058475558356432485,1.9943019943019942,7,4.841005381131087,68.12002433283081,154533.0,0,0.0
D040,0.04789725964232857,0.059280939351821875,1.1396011396011396,4,4.8125043542054,74.1580031619796,15479.0,0,0.0
D041,0.25907914760037326,0.30712282109965844,1.1396011396011396,4,30.955554322982437,78.69450317124735,14889.0,0,0.0
D042,0.05135555085432005,0.06904666057546642,1.1396011396011396,4,5.099459235935839,74.54883218541883,229140.0,0,0.0
D043,0.041344958061067805,0.05242632787945636,0.8547008547008548,3,4.077053051137815,80.40648823520601,53685.0,0,0.0
D044,0.05386265365929895,0.06781918335888622,1.1396011396011396,4,5.457236869750131,74.21500479386386,86695.0,0,0.0
D045,0.16359724881293158,0.17250259645507032,1.9943019943019942,7,16.184986209755905,64.77166694110544,141609.0,0,0.0
D046,0.2342591868100749,0.24169819559930475,1.1396011396011396,4,23.223979034344246,71.0474351660889,48573.0,0,0.0
D047,0.15631104343846902,0.1928803082835236,1.4245014245014245,5,14.86605037967964,69.87110926562062,166586.0,0,0.0
D048,0.20004583417788216,0.21191842224296698,1.4245014245014245,5,19.670692345855226,67.15764360166132,184658.0,0,0.0
D049,0.22687186970788303,0.23777414645100536,1.4245014245014245,5,22.33041886986359,67.37138417831173,207262.0,0,0.0
D050,0.48039378984751335,0.49443358957796396,1.1396011396011396,4,49.828575180321536,80.86238575894242,135548.0,0,0.0
D051,10.181269205955395,10.46400753463488,1.1396011396011396,4,3119.6292954389896,96.79994414447961,41593.0,0,0.0
D052,0.173688275622335,0.2063960438210455,1.9943019943019942,7,19.5099172669945,74.5700917542687,73632.0,0,0.0
D053,0.0904467641180369,0.11360580064192395,0.8547008547008548,3,8.659276818222093,80.71562387893123,60749.0,0,0.0
D054,0.21220867920430572,0.22113582212130076,1.1396011396011396,4,20.921931293967223,71.22361731628408,36985.0,0,0.0
D055,8.147712854718762,8.31149486533453,1.1396011396011396,4,1145.3112191469486,95.72923076923077,15556.0,0,0.0
D056,0.24926728259824316,0.25819555655978405,0.8547008547008548,3,24.62516019879318,77.39508707449787,161724.0,0,0.0
D057,0.07074187633415183,0.08758357195840637,1.4245014245014245,5,6.91605702828497,71.41792955746445,30679.0,0,0.0
D058,0.24110541364660218,0.24864590553583926,0.5698005698005698,2,23.885072790387383,85.26682652924443,114498.0,0,0.0
D059,0.23023051763246685,0.23940507422072518,1.9943019943019942,7,22.814975900276504,62.510292906716856,175362.0,0,0.0
D060,102.7853178121839,118.04779822288975,0.5698005698005698,2,1713.926598121584,99.47524925660312,5687.0,0,0.0
D061,0.38598223197855097,0.3988884388565024,1.4245014245014245,5,37.92435046057816,63.75006967281646,57187.0,0,0.0
D062,0.06214259166132908,0.09215511708207541,0.5698005698005698,2,6.228051450904227,87.16830512232981,35379.0,0,0.0
D063,0.25710902769325816,0.26761915192383434,1.1396011396011396,4,25.409538483160652,70.80204309010144,48932.0,0,0.0
D064,0.1977962059823755,0.20431055785308674,1.1396011396011396,4,19.621971102429914,71.44923117813059,91400.0,0,0.0
D065,1.5373192812409953,1.558712993882931,1.9943019943019942,7,597.9357958238124,85.89867014767071,52643.0,0,0.0
D066,,,1.9943019943019942,7,,100.0,18047.0,0,0.0
D067,0.18853097025603416,0.1989890220620673,1.1396011396011396,4,18.558560009914967,71.26335535437566,87376.0,0,0.0
D068,0.11152621551525789,0.137737150678331,1.1396011396011396,4,10.717050232286281,73.50120919553208,78109.0,0,0.0
D069,0.054591796457202746,0.06806607031600719,1.1396011396011396,4,5.383270702340288,73.92278773857721,40900.0,0,0.0
D070,4.558412188969474,4.603755860292565,1.9943019943019942,7,1262.8808038313573,92.86109573879358,41950.0,0,0.0
D071,0.2084165269523012,0.21451789455825573,1.1396011396011396,4,20.67820879507571,71.11216312176649,42060.0,0,0.0
D072,0.4024147775024249,0.40683570476235575,0.8547008547008548,3,40.04983438291988,78.42904711946358,51582.0,0,0.0
D073,0.1684815288790521,0.1831973605329951,0.5698005698005698,2,16.46945667503019,85.7235135890786,88915.0,0,0.0
D074,0.2548269806264061,0.27680721649125206,0.8547008547008548,3,24.68842367685534,77.20149104172512,38522.0,0,0.0
D075,0.22129812256098402,0.23052917774099957,0.8547008547008548,3,21.88033441498369,77.8022346709503,153051.0,0,0.0
D076,0.052302928576045515,0.06925415996963952,1.4245014245014245,5,5.147134101253943,71.38875272379876,199518.0,0,0.0
D077,0.060865702226058783,0.07553091287269546,1.4245014245014245,5,6.070436168473633,71.19959540158338,36603.0,0,0.0
D078,0.18957044754536026,0.19808877932761063,1.7094017094017095,6,18.810154161137856,65.86949803022539,168371.0,0,0.0
D079,0.20273345506373786,0.2121223784340077,0.8547008547008548,3,20.065154330615158,78.75346626171927,53676.0,0,0.0
D080,0.31568584717270004,0.37096621688227727,1.4245014245014245,5,28.826324382358948,59.81691144683188,102391.0,0,0.0
D081,3.4628983500310304,3.502014654075617,1.1396011396011396,4,611.5243431336429,91.02458534290083,7738.0,0,0.0
D082,13.054691462791093,14.02435973761954,0.5698005698005698,2,1246.4809946216735,97.99320450201742,9229.0,0,0.0
D083,0.054831085133532714,0.06718717786412233,1.4245014245014245,5,5.484083914361376,74.89175983724853,43071.0,0,0.0
D084,0.2457703305105978,0.26232918043657305,0.8547008547008548,3,24.10073601099504,79.2486493816059,111044.0,0,0.0
D085,0.10805112991443239,0.12664998355652557,0.5698005698005698,2,10.436073244078772,86.7759399990066,87353.0,0,0.0
D086,0.13669810538595056,0.1514845876676558,1.1396011396011396,4,13.403904264021534,72.42650191734128,33997.0,0,0.0
D087,0.03765301018203579,0.048419939973301435,1.1396011396011396,4,3.7688799323360196,73.93869693484673,14787.0,0,0.0
D088,3.5257302247441222,3.5562805679181215,0.5698005698005698,2,675.4889146991328,95.67964999696179,15746.0,0,0.0
D089,0.18909862034303115,0.19927697556208118,1.4245014245014245,5,18.59689597006134,68.87891265393267,72265.0,0,0.0
D090,0.28765283213310044,0.3279863644206402,1.4245014245014245,5,26.985872069530053,62.66294279301717,111958.0,0,0.0
D091,0.08725677991789656,0.12772340370329893,0.8547008547008548,3,8.386532751245047,80.70351466503803,55499.0,0,0.0
D092,0.10822698230342964,0.13342112641484905,0.5698005698005698,2,10.303999041257605,86.80435157303485,85616.0,0,0.0
D093,0.16375169588784264,0.17616765335402382,0.8547008547008548,3,16.539909143538516,82.80781602153125,75688.0,0,0.0
D094,0.1533878760912233,0.16366045287355957,1.1396011396011396,4,15.144529055023037,71.7839537963508,78055.0,0,0.0
D095,0.29427585757161323,0.32999297279107653,0.5698005698005698,2,34.089804343980965,89.02073324089898,55216.0,0,0.0
D096,0.0700426715704416,0.08837923789042264,1.9943019943019942,7,7.155308585141784,68.42968333176411,174430.0,0,0.0
D097,0.1744899430489239,0.1883321925284958,1.4245014245014245,5,17.11022777725991,68.24616975887258,179469.0,0,0.0
D098,0.2502977644967069,0.25738202123525156,1.4245014245014245,5,24.762200928570497,67.23181013293866,203508.0,0,0.0
D099,0.06402700404405717,0.07877818329010867,0.5698005698005698,2,6.6933890843124875,86.9598906107566,38158.0,0,0.0
D100,0.6878886025265444,0.7108071739836309,0.8547008547008548,3,83.72807984438681,86.56103595304522,16444.0,0,0.0
E001,0.12073266548808706,0.1536187109846254,1.7094017094017095,6,11.645238084216702,72.85090059559003,101034.0,0,0.0
E002,0.16825981663764655,0.22519437779146873,0.8547008547008548,3,16.57169464587582,79.74843072150458,65810.0,0,0.0
E003,0.09409494608274957,0.12673356349597606,1.9943019943019942,7,9.426526996443254,68.94858190981478,80443.0,0,0.0
E004,0.09470930305583827,0.12018071060129891,1.9943019943019942,7,9.387152380837433,70.52136544230925,86974.0,0,0.0
E005,0.1769785726244694,0.2343320270178104,0.8547008547008548,3,15.953137136555576,80.01861291482476,75664.0,0,0.0
E006,0.21054645446277365,0.27026299501716344,0.8547008547008548,3,20.154558287711772,81.67454269080832,78985.0,0,0.0
E007,0.16588663306811194,0.21178722520175858,1.4245014245014245,5,15.61362650021986,73.12313032906208,45710.0,0,0.0
E008,0.26443253195796895,0.3467621388367247,0.5698005698005698,2,23.953937136296734,86.06505557255022,42202.0,0,0.0
E009,0.1383597527559678,0.18350664947149223,1.1396011396011396,4,13.127319533086807,74.76935257687688,111434.0,0,0.0
E010,0.1481594714632475,0.198679692880268,1.4245014245014245,5,13.87540997980893,74.59499864093505,54887.0,0,0.0
E011,0.17863132281407462,0.2409901505396643,1.4245014245014245,5,17.833112966233593,73.9018968583284,49869.0,0,0.0
E012,0.19754913980548447,0.2501513663017797,1.4245014245014245,5,19.455673846160877,72.8835456120619,47953.0,0,0.0
E013,0.1659299728151241,0.19929265825879994,0.8547008547008548,3,16.624554114650053,82.14084658070396,30641.0,0,0.0
E014,0.2575434144682944,0.3611769265332494,1.7094017094017095,6,26.460751962701927,69.17044037540198,84316.0,0,0.0
E015,0.16629085898258322,0.23731098591021837,1.1396011396011396,4,15.544279458760032,76.61879289709582,125474.0,0,0.0
E016,0.13314558281027913,0.16578285293969927,1.1396011396011396,4,12.650103535795882,76.10915586839438,114182.0,0,0.0
E017,0.3172608556880671,0.4237586038327124,1.4245014245014245,5,27.716534252427078,72.23803974213344,48968.0,0,0.0
E018,0.17290939551501527,0.21525886954031717,0.8547008547008548,3,16.113025740548117,80.93156986774008,28148.0,0,0.0
E019,0.17986923294281842,0.21873206327029615,1.1396011396011396,4,17.559375359738354,73.97779618032193,114346.0,0,0.0
E020,0.2117048605138295,0.264086325888378,1.1396011396011396,4,21.48809191327707,76.95125113444833,23741.0,0,0.0
E021,0.2119303789783174,0.3069097348912375,0.8547008547008548,3,19.104310195395794,81.14348832316432,30854.0,0,0.0
E022,0.19600341260343832,0.2621680562685172,0.8547008547008548,3,18.246103525842013,80.08162339870762,28256.0,0,0.0
E023,0.15552055906525375,0.20136830443956213,0.8547008547008548,3,14.567950641386382,82.45422842197036,75660.0,0,0.0
E024,0.21072787505158927,0.25951797225714923,0.8547008547008548,3,19.82478776713158,80.34619442780962,28175.0,0,0.0
E025,0.12430892896144284,0.17195082334096287,0.8547008547008548,3,11.773306586572357,81.58616206438484,28866.0,0,0.0
E026,0.18065906275719404,0.25144260725147205,1.1396011396011396,4,18.39028949232066,76.27771567865916,120785.0,0,0.0
E027,0.17935670087818986,0.25098192221000226,1.1396011396011396,4,16.103856746069276,75.80185993547163,55916.0,0,0.0
E028,0.11262762340186241,0.15536231866766173,1.4245014245014245,5,10.715450475877192,74.30797072940436,47219.0,0,0.0
E029,0.10804538617312985,0.13540114389386063,1.1396011396011396,4,10.566110779780537,73.99436121037274,45141.0,0,0.0
E030,0.13690029190084843,0.16966479001970175,1.1396011396011396,4,13.035026279753732,75.83766056299535,55498.0,0,0.0
E031,0.1844085670396762,0.24326245893084494,1.9943019943019942,7,17.332669359931106,69.35602051616054,93709.0,0,0.0
E032,0.21225989131075512,0.281676265497549,1.1396011396011396,4,20.151474451800784,76.10069200681978,22764.0,0,0.0
E033,0.2140557630160013,0.27394839456926057,1.9943019943019942,7,21.30981412069682,69.70408178766198,91771.0,0,0.0
E034,0.21009366174540492,0.2738018475548441,0.8547008547008548,3,19.37301455103898,78.8185504158158,26632.0,0,0.0
E035,0.18805185592008825,0.24954174149227532,1.1396011396011396,4,17.120014401824477,74.4130330618112,21742.0,0,0.0
E036,0.19063575491356344,0.24207991218203467,1.7094017094017095,6,17.97949001925759,69.85035211267606,90459.0,0,0.0
E037,0.175103453628193,0.23617480026048576,0.5698005698005698,2,16.22064039750421,85.3797521004908,41054.0,0,0.0
E038,0.2556910195862594,0.3110557845241853,0.8547008547008548,3,26.87770344828655,81.66037934946053,30955.0,0,0.0
E039,0.30918268043995156,0.40340283793358045,0.8547008547008548,3,28.416453910722726,79.68312274053496,68549.0,0,0.0
E040,0.1662511362426146,0.2137175005705051,0.8547008547008548,3,16.04570421669602,81.09319244280933,29316.0,0,0.0
E041,0.177392425232503,0.23851097652431247,1.4245014245014245,5,16.211521975522245,71.78423236514523,99821.0,0,0.0
E042,0.11625968867382452,0.15930461686049166,1.1396011396011396,4,11.086138266095489,74.8639540437096,111295.0,0,0.0
E043,0.0972915694506233,0.1264478710030358,1.7094017094017095,6,9.620248591000074,70.86364712702806,86786.0,0,0.0
E044,0.17926177671581806,0.23767841936076267,0.5698005698005698,2,17.590410148823395,85.96344668799283,42190.0,0,0.0
E045,0.16063716208765588,0.2046874888503536,0.5698005698005698,2,15.688120611777881,87.03444249854057,44727.0,0,0.0
E046,0.2366587720973957,0.29597289970397345,1.1396011396011396,4,23.5130096575214,75.57676317651001,121798.0,0,0.0
E047,0.2557484969764042,0.3323199736764837,0.5698005698005698,2,23.129377693124052,84.81787390813477,42822.0,0,0.0
E048,0.21005528098202617,0.31227594592667374,0.5698005698005698,2,17.840347327868944,85.50304557865994,40708.0,0,0.0
E049,0.12486787497684626,0.15741081502351617,1.1396011396011396,4,12.18441993396834,76.48942621086941,121095.0,0,0.0
E050,0.12050587844842368,0.1592521868941387,0.8547008547008548,3,12.156605415333985,81.21723937099591,75303.0,0,0.0
E051,0.11967554261796944,0.17449916565246518,1.1396011396011396,4,10.974572381957834,75.47519703291609,19536.0,0,0.0
E052,0.19306234411657205,0.2613482424540544,1.1396011396011396,4,18.50608395696013,77.62682127212098,138043.0,0,0.0
E053,0.2113099767558998,0.27875761922280323,1.4245014245014245,5,19.564081130093943,72.1715059779728,98032.0,0,0.0
E054,0.25140949519666633,0.2911077387727922,1.1396011396011396,4,25.943923292516445,77.09557214656076,58137.0,0,0.0
E055,0.22523891157497233,0.29793818134784666,0.5698005698005698,2,21.52690729525689,84.56621961441743,40355.0,0,0.0
E056,0.15318601709103535,0.19795327555577652,1.4245014245014245,5,14.38665164164955,72.91010856091056,97047.0,0,0.0
E057,0.13184553985180753,0.1705532622849018,0.8547008547008548,3,13.079990059380226,81.83056151127079,28243.0,0,0.0
E058,0.2263572329356811,0.28550239472965294,1.1396011396011396,4,21.223557213217106,76.39147292326484,53788.0,0,0.0
E059,0.15130889009247306,0.18493523564733713,1.7094017094017095,6,15.32089612276009,72.04778598206885,94745.0,0,0.0
E060,0.16743666313698535,0.2512652162900957,0.8547008547008548,3,14.280303491214488,79.8900190899507,28039.0,0,0.0
E061,0.16112640271652803,0.2473258492262053,1.4245014245014245,5,14.237924590078846,71.419962212522,43849.0,0,0.0
E062,0.18742438978763265,0.23717022426508177,0.8547008547008548,3,17.57297345819925,81.83770636029602,31627.0,0,0.0
E063,0.19175221591106334,0.26554475565024277,0.5698005698005698,2,18.355980499260703,86.0079207920792,43434.0,0,0.0
E064,0.12248976260849785,0.1811133438484707,0.8547008547008548,3,11.068823010417304,80.66625016734348,72306.0,0,0.0
E065,0.2975878844402557,0.40779702085269065,1.4245014245014245,5,26.563980575474737,69.7753209700428,43043.0,0,0.0
E066,0.20136600769633944,0.24709219301031546,1.7094017094017095,6,20.811819888489676,70.7785612076188,95464.0,0,0.0
E067,0.14357645681284056,0.18300125242521004,0.5698005698005698,2,14.424490764247775,86.31028681301073,43093.0,0,0.0
E068,0.17599084050050182,0.23783696298463608,0.5698005698005698,2,17.061892478894876,86.43791507345543,42951.0,0,0.0
E069,0.12291853345620828,0.16784934567376295,1.7094017094017095,6,11.8992572359086,70.91109561720688,87466.0,0,0.0
E070,0.1416723279343065,0.19594226442252136,1.4245014245014245,5,13.80025963422822,73.13587849235053,99290.0,0,0.0
E071,0.1436564607534394,0.19885142680342158,1.7094017094017095,6,13.141949787210095,69.89462343374116,94717.0,0,0.0
E072,0.1496210070853855,0.19875713895632405,1.4245014245014245,5,14.246102021823035,73.16657537581402,48088.0,0,0.0
E073,0.16066890665331343,0.19547093839278307,1.1396011396011396,4,16.193840661974555,77.31826976229962,22379.0,0,0.0
E074,0.11551854901277916,0.15016136644617858,1.1396011396011396,4,11.370231500116688,77.51969523245921,125754.0,0,0.0
E075,0.13504639686914954,0.18816163300188715,1.7094017094017095,6,12.736788037550447,72.19463684664386,103813.0,0,0.0
E076,0.19163425418040655,0.245803823369342,1.1396011396011396,4,17.441858647777845,75.26699191338635,56311.0,0,0.0
E077,0.1504169740601012,0.207559303567084,0.8547008547008548,3,14.23721774744833,81.12390707676637,28670.0,0,0.0
E078,0.18610717339754673,0.2686962143287777,1.1396011396011396,4,17.13310742282406,77.79103469316597,142787.0,0,0.0
E079,0.21919938565440272,0.25739898153207214,1.1396011396011396,4,22.054994837750996,76.47120625934761,123735.0,0,0.0
E080,0.21561727244517348,0.28339656024389326,1.4245014245014245,5,19.568587561961703,71.35247276636244,104211.0,0,0.0
E081,0.21746039830244362,0.26861556982051454,0.5698005698005698,2,21.000364097102707,83.2189840750299,39663.0,0,0.0
E082,0.22916692437823352,0.36026145156057443,1.1396011396011396,4,18.810422347985213,76.60393716850265,60082.0,0,0.0
E083,0.11767323784827284,0.15797161813382748,0.5698005698005698,2,11.339289752665529,86.06608278549862,40192.0,0,0.0
E084,0.1868201424069382,0.2433886498357641,0.8547008547008548,3,18.75938752505179,81.50516851980541,75063.0,0,0.0
E085,0.14116654330491954,0.18037078653482447,1.4245014245014245,5,14.69765120157108,74.90214310352584,49944.0,0,0.0
E086,0.16036700518471741,0.2097244908145202,1.1396011396011396,4,14.899363104798406,76.10834846212539,57853.0,0,0.0
E087,0.14131396002634564,0.1689498227609221,1.1396011396011396,4,14.033965328285122,76.85050894817378,57757.0,0,0.0
E088,0.16896619857113748,0.2604998224237104,1.1396011396011396,4,14.777903999722222,74.01733911303768,110989.0,0,0.0
E089,0.14412817203549563,0.17792036116124924,0.5698005698005698,2,14.559667989428734,86.57111538541085,41858.0,0,0.0
E090,0.19788144188934836,0.253721568663792,1.1396011396011396,4,18.08600804261283,75.36241633312031,22406.0,0,0.0
E091,0.09787128513620053,0.1270117461119952,0.8547008547008548,3,9.531188142342321,81.01849650515905,68156.0,0,0.0
E092,0.12644557814302446,0.1748897892444393,1.1396011396011396,4,12.162148900271514,75.74043756511387,20356.0,0,0.0
E093,0.16410286748422495,0.20705852117666854,0.8547008547008548,3,16.43635335814666,81.19809306037922,75282.0,0,0.0
E094,0.26003283721521564,0.3372624776324232,1.4245014245014245,5,23.588374437930128,74.37036120732311,120242.0,0,0.0
E095,0.2975382468674106,0.3616706104951614,0.8547008547008548,3,30.856406661137665,81.35204901462767,78473.0,0,0.0
E096,0.20060905462593775,0.29809147694965143,1.1396011396011396,4,17.001866167345312,74.53142074613032,53881.0,0,0.0
E097,0.13146279327198349,0.2112719339166793,0.8547008547008548,3,11.385513217549542,80.7423887587822,68954.0,0,0.0
E098,0.09279030653967037,0.12372214841729956,1.4245014245014245,5,9.345017204728354,73.18702608811837,43820.0,0,0.0
E099,0.18780230652478694,0.2604004706208214,0.5698005698005698,2,17.02485507097902,86.05118402059844,44115.0,0,0.0
E100,0.10218854262580673,0.16034327532831893,1.1396011396011396,4,9.239785761459899,76.81624715638071,125613.0,0,0.0
