dataset_id,normalized_mae,normalized_rmse,stockout_rate,stockout_days,mape,mape_count,total_samples,horizon,objective,mae,rmse,expired_units_total,expired_rate,non_expired_negative_days,avg_non_expired_inventory,total_days,category
B6,1.1914809025212407,1.4713462056401352,0.0,0,90.13837172252224,266,351,14,l2,1.6259810607056246,2.0079055057026345,67.0,67.0,0,179.23361823361824,351,B
B7,1.1808454249078904,1.6374648294048175,0.0,0,94.51651932854287,242,351,14,l2,1.648473670099334,2.2859195624169817,52.0,60.46511627906976,0,115.34757834757835,351,B
B060,0.3399995968601662,0.42134430852748617,1.1396011396011396,4,49.43622659632151,351,351,14,l2,1.7552115940473536,2.1751449773555698,297.0,69.55503512880561,0,0.0,351,B
B009,0.2450718342008995,0.3099580464504128,0.8547008547008548,3,32.04100532830935,351,351,14,l2,1.7573954606372195,2.222690606597405,512.0,74.20289855072464,0,0.0,351,B
B056,0.28504384178091374,0.34817050477649836,0.8547008547008548,3,38.715872933104635,351,351,14,l2,1.9473935401442481,2.3786691465927152,519.0,75.54585152838428,0,0.0,351,B
B2,0.7910747030015483,1.727960176927328,0.0,0,62.7876529422741,280,351,14,l2,1.9833211927104342,4.332207850985894,112.0,64.73988439306359,0,231.76353276353277,351,B
B012,0.2281474106404514,0.2886829516190034,0.8547008547008548,3,30.499993573455708,351,351,14,l2,2.048776747403712,2.5923893547096832,696.0,75.32467532467533,0,0.0,351,B
B5,0.6998285948733866,1.0391360515641477,0.0,0,74.61895839362212,310,351,14,l2,2.113442480244415,3.1381316656922977,60.0,44.44444444444444,0,132.01709401709402,351,B
B034,0.322767071273352,0.3854908640669231,0.8547008547008548,3,47.78658068225116,351,351,14,l2,2.1563782966837906,2.5754304166294437,454.0,73.10789049919485,0,0.0,351,B
B002,0.32008475486513416,0.4062231451818708,0.8547008547008548,3,33.596307781482956,351,351,14,l2,2.164903726637688,2.7475035517429096,439.0,71.73202614379085,0,0.0,351,B
B071,0.23463542153582306,0.28549141702285696,0.8547008547008548,3,24.148053487281423,351,351,14,l2,2.175892584327932,2.6475058758102548,678.0,74.66960352422907,0,0.0,351,B
B061,0.25333452807543044,0.324805072761067,0.8547008547008548,3,35.550030403911435,351,351,14,l2,2.21866193533867,2.84458915574792,778.0,77.9559118236473,0,0.0,351,B
B020,0.22116891078750064,0.282660007485467,0.8547008547008548,3,25.36858730917444,351,351,14,l2,2.238153763866673,2.860422639852931,731.0,74.36419125127162,0,0.0,351,B
B065,0.3019869563835443,0.3853373890419315,1.1396011396011396,4,47.015309713024145,348,351,14,l2,2.2601701835315406,2.8839923675588435,374.0,66.54804270462633,0,0.0,351,B
B077,0.3945963204809698,0.502121894741983,1.1396011396011396,4,55.640486806297865,346,351,14,l2,2.278765645626569,2.899718178467235,314.0,68.5589519650655,0,0.0,351,B
B030,0.30469276928254324,0.4033473203125461,0.5698005698005698,2,29.98853409827371,351,351,14,l2,2.2847617343351962,3.0245303335117417,499.0,72.52906976744185,0,0.0,351,B
B043,0.252588133081993,0.3361580214222907,0.5698005698005698,2,29.879038982193563,351,351,14,l2,2.336620137086129,3.1097011269463755,1006.0,81.12903225806451,0,0.0,351,B
B086,0.4027876599765135,0.49154269106069304,0.5698005698005698,2,55.12619064802613,346,351,14,l2,2.3409881092652065,2.856829315566421,399.0,73.61623616236163,0,0.0,351,B
B079,0.2571645196960253,0.3140393701303657,1.1396011396011396,4,27.80482382132336,351,351,14,l2,2.4192514075107563,2.954296296781959,650.0,73.52941176470588,0,0.0,351,B
B075,0.25624220142499055,0.3119476264197994,0.8547008547008548,3,31.24500979214523,351,351,14,l2,2.432475826632674,2.9612806017970703,749.0,75.73306370070779,0,0.0,351,B
B017,0.27150845361838766,0.33741564586768297,1.1396011396011396,4,30.91253549498343,351,351,14,l2,2.445123139281263,3.0386634090818974,557.0,70.86513994910942,0,0.0,351,B
B018,0.38453834496244416,0.4690877318499182,0.5698005698005698,2,60.13974247140036,349,351,14,l2,2.495664814314666,3.044392744028814,622.0,79.23566878980893,0,0.0,351,B
B092,0.3627850080563066,0.4615265572995127,0.8547008547008548,3,48.978143288915334,344,351,14,l2,2.504353488662196,3.1859796248909382,395.0,69.66490299823633,0,0.0,351,B
B058,0.26604199267764694,0.34248381924206844,0.5698005698005698,2,36.820355717391365,349,351,14,l2,2.5262619988450066,3.2521326767345133,918.0,79.54939341421144,0,0.0,351,B
B049,0.28069512016184145,0.34067375037287595,1.1396011396011396,4,30.319987536230258,351,351,14,l2,2.5494474161707994,3.094210587432275,498.0,68.78453038674033,0,0.0,351,B
B037,0.314034799383985,0.39247053936459136,1.1396011396011396,4,36.448215163794636,351,351,14,l2,2.5579073830165613,3.1967899488415004,344.0,62.888482632541134,0,0.0,351,B
B021,0.4143633381319223,0.48785474510821963,1.1396011396011396,4,61.189419657906164,350,351,14,l2,2.5593724133048648,3.013302243289516,438.0,73.61344537815127,0,0.0,351,B
B070,0.24637574996940195,0.30294262361143864,0.5698005698005698,2,26.946651963154693,351,351,14,l2,2.57466168344093,3.165793570959422,1010.0,79.52755905511812,0,0.0,351,B
B080,0.4170495877182419,0.5001358534231343,1.1396011396011396,4,74.33588321652759,351,351,14,l2,2.603292440714154,3.1219306405985394,431.0,72.92724196277496,0,0.0,351,B
B039,0.3296556229293422,0.3980794325693605,1.1396011396011396,4,45.409293715476004,351,351,14,l2,2.6156436178296807,3.1585504834919345,502.0,71.91977077363897,0,0.0,351,B
B011,0.36086494133870195,0.44973747511318024,0.5698005698005698,2,44.694346331461,347,351,14,l2,2.6257807982308967,3.272448750538639,673.0,78.80562060889929,0,0.0,351,B
B084,0.29168214854926455,0.353808058419025,0.8547008547008548,3,35.89085050900409,351,351,14,l2,2.632618366393362,3.193344527269149,780.0,77.22772277227723,0,0.0,351,B
B010,0.2509504876440855,0.31010544469310597,1.1396011396011396,4,29.30916012852773,351,351,14,l2,2.6553564419092126,3.2812866711971385,537.0,67.2090112640801,0,0.0,351,B
B082,0.3570685221633983,0.41900390794279196,0.8547008547008548,3,49.19388715643431,351,351,14,l2,2.6968337671087435,3.1646135611291784,656.0,77.54137115839244,0,0.0,351,B
B3,0.7531301816840278,1.1190784843367922,0.0,0,114.96454509160343,340,351,14,l2,2.737874962475269,4.068216940210105,121.0,56.018518518518526,0,279.06267806267806,351,B
B096,0.2903115251452478,0.36693954773682536,0.8547008547008548,3,32.738779637694755,351,351,14,l2,2.7608543331476842,3.48958464485904,617.0,72.07943925233646,0,0.0,351,B
B088,0.33102081122041715,0.4111201324334853,0.8547008547008548,3,34.69152759142601,351,351,14,l2,2.7896283749002677,3.4646534237556965,552.0,72.44094488188976,0,0.0,351,B
B10,0.4123431794907535,0.515645136276095,0.0,0,62.79436825024667,348,351,14,l2,2.8182657766333836,3.5243096351178114,105.0,37.234042553191486,0,237.05128205128204,351,B
B045,0.3011449755849551,0.3771639809020028,1.1396011396011396,4,34.76995798378754,351,351,14,l2,2.9488184646310276,3.6931982973224606,592.0,70.64439140811456,0,0.0,351,B
B046,0.33390172089321823,0.3852960657178769,1.1396011396011396,4,40.56159371524016,351,351,14,l2,2.9841871750485063,3.4435149805042164,486.0,68.83852691218131,0,0.0,351,B
B1,0.4519235422543596,0.564751495319032,0.0,0,80.37801485843852,351,351,14,l2,3.343719200098495,4.17851747391318,104.0,35.86206896551724,0,238.96011396011397,351,B
B8,0.8160407506495226,1.2363707563923227,0.0,0,121.89655670304347,313,351,14,l2,3.8570131205913336,5.843701096452603,47.0,28.65853658536585,0,100.44729344729345,351,B
B032,0.21878127332804892,0.2704600163332712,1.1396011396011396,4,24.575410248258194,351,351,14,l2,4.096383271543981,5.063997798695893,1294.0,73.56452529846503,0,0.0,351,B
B025,0.2108051179716277,0.2859552398817989,1.4245014245014245,5,21.92239704111624,351,351,14,l2,4.198084827981988,5.694664178842661,1164.0,70.07826610475617,0,0.0,351,B
B036,0.19877652192070633,0.24883405452540974,1.4245014245014245,5,23.791169362532266,351,351,14,l2,4.3509972020421275,5.446700971278413,1508.0,73.31064657267866,0,0.0,351,B
B069,0.2028363552930129,0.2501898410255881,1.1396011396011396,4,22.68768219637902,351,351,14,l2,4.4057674437433905,5.434322928715338,1602.0,74.58100558659217,0,0.0,351,B
B099,0.30181999982623703,0.37531137672930626,0.8547008547008548,3,44.486100496852615,351,351,14,l2,4.406915951878817,5.479973805520498,1220.0,77.11757269279393,0,0.0,351,B
B013,0.1995960921975489,0.2518919348577253,1.4245014245014245,5,21.387570360044048,351,351,14,l2,4.685105993206853,5.9126428811760645,1336.0,69.43866943866944,0,0.0,351,B
B055,0.24668033430700528,0.3107851594988984,1.1396011396011396,4,30.6073313386054,349,351,14,l2,4.734013481173754,5.964241693403361,1298.0,72.92134831460673,0,0.0,351,B
B059,0.2303860506454485,0.2973815457721243,0.8547008547008548,3,26.511029572130024,351,351,14,l2,4.748184303046081,6.128940461867655,1776.0,77.45311818578283,0,0.0,351,B
B9,0.8125396488387158,1.3011683677308588,0.0,0,95.98460941495564,307,351,14,l2,4.764121359857769,7.629072651823667,100.0,39.8406374501992,0,210.3988603988604,351,B
B001,0.2711197352887037,0.34774816604477354,0.8547008547008548,3,34.104466231645034,351,351,14,l2,4.84925839926633,6.21983756817404,1568.0,77.35569807597435,0,0.0,351,B
B057,0.25660315839142445,0.3287055368558218,1.4245014245014245,5,34.03968071858159,351,351,14,l2,5.05968791802578,6.481398919028897,1040.0,68.24146981627297,0,0.0,351,B
B053,0.2157545900226343,0.2854153385908954,1.1396011396011396,4,22.207395898543865,351,351,14,l2,5.079145804435975,6.719051119021564,1622.0,73.59346642468239,0,0.0,351,B
B062,0.3081356182040506,0.3882255928571538,1.4245014245014245,5,34.749820787430025,351,351,14,l2,5.102234225076758,6.428396426455207,882.0,68.47826086956522,0,0.0,351,B
B006,0.2600738976166775,0.3315850073262169,1.4245014245014245,5,32.528346532305314,351,351,14,l2,5.122937117155864,6.531563363685081,1313.0,72.70210409745293,0,0.0,351,B
B016,0.27161410556778187,0.34878281571177133,0.8547008547008548,3,29.541120075040496,351,351,14,l2,5.134357807527729,6.593088268511688,1417.0,74.81520591341078,0,0.0,351,B
B063,0.2410683232472913,0.2950976086699079,1.1396011396011396,4,29.609888158140514,351,351,14,l2,5.146224917640894,6.299619321263875,1624.0,75.11563367252543,0,0.0,351,B
B044,0.2545457942550706,0.32569856241338757,1.1396011396011396,4,27.260541372759167,351,351,14,l2,5.285269938834628,6.762652771705893,1247.0,70.45197740112994,0,0.0,351,B
B076,0.23362516568983763,0.29603907495184645,0.8547008547008548,3,30.723601781676358,351,351,14,l2,5.35474204551209,6.785283071189756,1903.0,76.91996766370251,0,0.0,351,B
B068,0.20168993701807153,0.24318959779428,0.8547008547008548,3,21.73602200956523,351,351,14,l2,5.445053684282751,6.5654262925885964,2040.0,75.19351271654995,0,0.0,351,B
B052,0.38613413598167035,0.4665435987409583,0.8547008547008548,3,83.98486465349976,351,351,14,l2,5.598394923107465,6.764217589722897,841.0,69.50413223140495,0,0.0,351,B
B078,0.2838749625484252,0.3518912696217817,1.4245014245014245,5,47.82481856854899,351,351,14,l2,5.623312292305414,6.97065526404629,1172.0,70.60240963855422,0,0.0,351,B
B066,0.22099105824321164,0.2695826241463181,1.4245014245014245,5,27.048544270690122,351,351,14,l2,5.631179558197393,6.8693646449135874,1194.0,65.24590163934427,0,0.0,351,B
B098,0.34487994327616034,0.4189415045030601,1.4245014245014245,5,51.05656125144862,351,351,14,l2,5.709679060905322,6.93580935232844,1079.0,72.22222222222221,0,0.0,351,B
B4,0.48764326100775224,0.7186132569826725,0.2849002849002849,1,48.0595181002151,348,351,14,l2,5.712789428102214,8.418625962144585,78.0,20.967741935483872,0,186.04558404558404,351,B
B100,0.2650730406039445,0.3305281789603306,1.1396011396011396,4,29.74191641772791,351,351,14,l2,5.864080228745382,7.312111993239222,1451.0,72.62262262262263,0,0.0,351,B
B035,0.2772996797773785,0.35820708434751974,1.4245014245014245,5,42.081777531642665,351,351,14,l2,5.867534819676895,7.579498619512902,1459.0,73.27975891511804,0,0.0,351,B
B067,0.2526763229836167,0.3237947590278799,1.1396011396011396,4,25.457624434140563,351,351,14,l2,5.8828231094647165,7.538606184546537,1506.0,72.29956793086893,0,0.0,351,B
B091,0.28856570885556887,0.35221871057822285,1.1396011396011396,4,35.940701857764665,351,351,14,l2,6.040148897327249,7.372509591504853,1185.0,69.21728971962617,0,0.0,351,B
B047,0.31522252774442233,0.3797288029639547,0.8547008547008548,3,37.1055654615516,351,351,14,l2,6.073646595827716,7.316541009815459,1591.0,76.56400384985564,0,0.0,351,B
B074,0.3679508662603043,0.4494171164835104,1.7094017094017095,6,38.24929419761115,351,351,14,l2,6.321207189600099,7.720755590870563,801.0,64.91085899513777,0,0.0,351,B
B094,0.2739618301879735,0.347654316995293,1.1396011396011396,4,27.252810178486953,351,351,14,l2,6.454884147163934,8.191171514390522,1566.0,72.76951672862454,0,0.0,351,B
B050,0.2834988763499475,0.3311448563007901,0.8547008547008548,3,30.12721226844885,351,351,14,l2,6.531781803538534,7.629539751864642,1969.0,77.36738703339883,0,0.0,351,B
B072,0.2979200104277493,0.3718431795977308,1.4245014245014245,5,32.64903626226927,351,351,14,l2,6.536415955282329,8.158302923310897,1269.0,69.45812807881774,0,0.0,351,B
B003,0.2860515688289242,0.3596943796689451,0.8547008547008548,3,27.407050697449204,351,351,14,l2,6.666386988662678,8.382621155817581,1645.0,73.76681614349776,0,0.0,351,B
B031,0.3581596541534184,0.4245077423527946,1.4245014245014245,5,45.213908779443315,351,351,14,l2,7.384619421960936,8.752599804578844,1009.0,66.20734908136482,0,0.0,351,B
B054,0.2055229793787155,0.2708586953972438,1.9943019943019942,7,25.749840517748503,351,351,14,l2,7.733753594399071,10.19231238976295,2018.0,68.29103214890017,0,0.0,351,B
A100,0.028666884634213064,0.03793952918009342,1.1396011396011396,4,2.88661227732034,351,351,14,l2,7.785468503250698,10.30377082228372,19219.0,73.85106055948356,0,0.0,351,A
C6,0.07384281008476033,0.09319853079794643,0.0,0,7.4981154899843085,351,351,14,l2,8.434279484638537,10.645077772707893,62.0,2.118209771096686,0,256.002849002849,351,C
B008,0.18008226821137607,0.2189719278100733,1.7094017094017095,6,20.90310597407134,351,351,14,l2,8.631635556661513,10.495680095375137,3119.0,72.58552478473354,0,0.0,351,B
B090,0.19678182686607806,0.24798084368780846,1.4245014245014245,5,19.253516683524293,351,351,14,l2,8.742495179913451,11.017131841788276,2104.0,65.11915815536985,0,0.0,351,B
E1,0.07560457520908545,0.09317272844133238,0.0,0,7.570649396120674,351,351,14,l2,8.902600279107437,10.971287860993472,67.0,2.2229595222295955,0,362.8660968660969,351,E
D4,0.07607985962601363,0.09232621561678782,0.0,0,7.589316175132719,351,351,14,l2,9.0194732728139,10.94552274713896,31.0,1.0323010323010324,0,229.7037037037037,351,D
B095,0.18401131453995523,0.2312496798184647,1.4245014245014245,5,20.910925785561048,351,351,14,l2,9.065309547079504,11.392505593791714,3314.0,72.77119016249452,0,0.0,351,B
A086,0.0333805438231373,0.04370100263694948,0.8547008547008548,3,3.3462845022632153,351,351,14,l2,9.109179514402802,11.925518052927549,27821.0,80.25905838910685,0,0.0,351,A
C2,0.0784825296713465,0.10022903203913555,0.0,0,7.819178622649386,351,351,14,l2,9.19005826786898,11.736505543705157,63.0,2.100700233411137,0,237.56125356125355,351,C
B042,0.17426259314416967,0.2208026428910859,1.1396011396011396,4,17.639442353646402,351,351,14,l2,9.231945639646254,11.69750753435824,3477.0,72.4073302790504,0,0.0,351,B
A077,0.033798584959293124,0.04500048903084617,0.5698005698005698,2,3.2725301829825173,351,351,14,l2,9.320224606253392,12.409237418189834,46246.0,86.98252675531815,0,0.0,351,A
B081,0.22875941353074056,0.28827302446487624,1.9943019943019942,7,26.778934431529116,351,351,14,l2,9.354369978366721,11.787984957676263,1784.0,63.46495908929207,0,0.0,351,B
E2,0.10285129696191242,0.11973154829071056,0.0,0,10.699495924076254,351,351,14,l2,9.39873319103516,10.941280374428892,103.0,4.3096234309623425,0,459.03133903133903,351,E
B028,0.30345918343364686,0.37677946140044816,1.1396011396011396,4,40.00270268425664,351,351,14,l2,9.60954080873215,11.931349611014191,2560.0,75.91933570581257,0,0.0,351,B
B051,0.2755653896660961,0.35580353879943927,1.9943019943019942,7,33.83736657715205,351,351,14,l2,9.674621928362686,12.491643899217921,1838.0,68.17507418397626,0,0.0,351,B
A018,0.03516443346981792,0.04649417741109845,0.5698005698005698,2,3.4497955308917687,351,351,14,l2,9.688452614147243,12.810006880043014,47212.0,87.23577235772358,0,0.0,351,A
B007,0.2315948975378486,0.2748892379184412,1.1396011396011396,4,27.779412714089556,351,351,14,l2,9.701252930196546,11.514804743916926,2829.0,73.42330651440436,0,0.0,351,B
B005,0.25062821016412334,0.3248587273527392,1.1396011396011396,4,30.541427482024908,351,351,14,l2,9.833765556639051,12.746308812256194,2114.0,68.12761843377376,0,0.0,351,B
B015,0.1774653956779531,0.224249515255341,1.1396011396011396,4,18.98022463209747,351,351,14,l2,9.840481470313394,12.434667565284052,4012.0,74.15896487985214,0,0.0,351,B
C051,0.04229294736593217,0.05226626162017202,1.1396011396011396,4,4.217771377576955,351,351,14,l2,9.8845004108743,12.215414546293992,17262.0,74.62067176760472,0,0.0,351,C
A066,0.03594155216394325,0.04739053897643094,0.8547008547008548,3,3.653627300136355,351,351,14,l2,9.889046724310026,13.039149007546488,28214.0,80.34742987327354,0,0.0,351,A
C036,0.04269964272890895,0.05198618271703167,1.1396011396011396,4,4.319115908445099,351,351,14,l2,9.945610516529776,12.10863352715363,17313.0,74.76357041067496,0,0.0,351,C
A020,0.03624923841496761,0.04672815768178398,0.5698005698005698,2,3.5357529366399696,351,351,14,l2,9.980623643587748,12.86581941505119,46808.0,87.14139439635112,0,0.0,351,A
B093,0.23446652150223482,0.29788332651529037,1.4245014245014245,5,26.866429661054458,351,351,14,l2,10.06001656360016,12.780976915442372,2755.0,71.80088610893928,0,0.0,351,B
A082,0.03700200407735381,0.04554708679375849,1.1396011396011396,4,3.8343523312598284,351,351,14,l2,10.153834845375048,12.498717529595512,19761.0,74.147311545533,0,0.0,351,A
B038,0.2417631796985784,0.30733194771647,1.7094017094017095,6,29.106946108733695,351,351,14,l2,10.239462761820704,13.016514913826335,2519.0,70.59977578475336,0,0.0,351,B
D8,0.09353810543657261,0.1225099534808788,0.0,0,9.63549248381549,351,351,14,l2,10.259078190859645,13.436654356562368,60.0,2.1284143313231643,0,196.56410256410257,351,D
B014,0.21340818001575482,0.2594316242957887,1.9943019943019942,7,25.306919868926602,351,351,14,l2,10.368232745893637,12.604237860729587,2537.0,67.50931346460884,0,0.0,351,B
C10,0.09307202517817212,0.12251426969146977,0.0,0,9.392503193643439,351,351,14,l2,10.370769164511367,13.65144046126232,67.0,2.344296710986704,0,303.14814814814815,351,C
B085,0.21697305030913497,0.268759215869442,1.7094017094017095,6,23.93690158074558,351,351,14,l2,10.395543552845364,12.876705792810274,2651.0,68.82139148494288,0,0.0,351,B
A050,0.03777436381005233,0.048984753644548774,0.5698005698005698,2,3.7821902047391607,351,351,14,l2,10.396774827913747,13.482250983871577,46134.0,86.98947844778822,0,0.0,351,A
C3,0.06052007317422133,0.07450623725107355,0.0,0,6.1056734692933095,351,351,14,l2,10.401176336643099,12.804883920039204,27.0,0.6206896551724138,0,276.0569800569801,351,C
A039,0.03833441463045554,0.04967869684891399,0.5698005698005698,2,3.9774675356038056,351,351,14,l2,10.41691301268618,13.499584346009733,45225.0,86.9310318314624,0,0.0,351,A
A015,0.03794024380120739,0.048588692358129536,1.1396011396011396,4,3.679372324809791,351,351,14,l2,10.444700507188227,13.376148618750259,19726.0,74.08269801329477,0,0.0,351,A
B004,0.2639769644491298,0.31426099790255013,1.1396011396011396,4,31.029791230443276,351,351,14,l2,10.456796905130203,12.448674971045746,2764.0,73.5693372371573,0,0.0,351,B
B083,0.2675738083940437,0.3300902735381119,1.7094017094017095,6,32.31721685834918,351,351,14,l2,10.754027678104771,13.266619626216935,2308.0,69.62292609351432,0,0.0,351,B
C077,0.042435588184952466,0.051730918108078665,1.1396011396011396,4,4.322622455277016,351,351,14,l2,10.777551306973184,13.138326765654337,18566.0,74.48746238716149,0,0.0,351,C
D10,0.08086909517985258,0.10434785717867368,0.0,0,8.028188817540947,351,351,14,l2,10.782546023980345,13.913047623823157,53.0,1.5620394930739758,0,193.3133903133903,351,D
D086,0.04556940485679643,0.05907711755612718,0.8547008547008548,3,4.596223343348289,351,351,14,l2,10.788394315641225,13.986297192817824,27347.0,82.14285714285714,0,0.0,351,D
A074,0.03967763849816851,0.05013209205261218,0.8547008547008548,3,3.9882766847100437,351,351,14,l2,10.821369389718441,13.672635441893194,28308.0,80.56464695335401,0,0.0,351,A
B087,0.29346246681017973,0.3591983480086904,1.1396011396011396,4,39.17483205389868,351,351,14,l2,10.84055368849228,13.268848376868032,2547.0,73.933236574746,0,0.0,351,B
C9,0.04618969440903895,0.059567996493922304,0.0,0,4.63473204665695,351,351,14,l2,10.847077295579096,13.988805740743668,20.0,0.33875338753387535,0,351.3874643874644,351,C
C4,0.06712935439659694,0.08679444993203188,0.0,0,6.799933467835357,351,351,14,l2,10.890446801724842,14.080730377435017,43.0,1.0426770126091174,0,217.8945868945869,351,C
B048,0.23659685622238025,0.28021862711441925,1.4245014245014245,5,27.172439960085633,351,351,14,l2,10.921203032806282,12.934764092614875,3186.0,73.47785977859779,0,0.0,351,B
A090,0.039763478412540715,0.051071076534089335,1.1396011396011396,4,3.9288668125179145,351,351,14,l2,10.922155215697652,14.028104361266728,19394.0,73.79475666831551,0,0.0,351,A
A032,0.04058435000225421,0.049461109957653085,1.1396011396011396,4,4.097363877745859,351,351,14,l2,11.0026369729758,13.409174647721802,18999.0,73.63382683512906,0,0.0,351,A
C007,0.048983904596445936,0.0625058638374711,0.5698005698005698,2,5.005374043417754,351,351,14,l2,11.02500697157785,14.06844942741896,37261.0,86.88788359294843,0,0.0,351,C
A069,0.040959031480189756,0.048822951091077246,0.8547008547008548,3,4.156498297117382,351,351,14,l2,11.079709746384777,13.206956011953283,28484.0,80.7690126467419,0,0.0,351,A
A094,0.04084886323515639,0.050570227049839205,0.8547008547008548,3,4.048806208211939,351,351,14,l2,11.088662501165059,13.72758348585678,28861.0,80.9292804666031,0,0.0,351,A
B041,0.2169130645473416,0.26932544084881543,1.4245014245014245,5,21.79195320954923,351,351,14,l2,11.111387181086046,13.79621489020428,2906.0,69.38872970391596,0,0.0,351,B
C037,0.04833941838238822,0.057964104692072846,0.8547008547008548,3,4.866730237867337,351,351,14,l2,11.148089000619834,13.367744577247615,23657.0,80.3921568627451,0,0.0,351,C
B089,0.28023321403806656,0.33183009689339094,1.9943019943019942,7,31.838521878010432,351,351,14,l2,11.153441595760086,13.207026933335248,1826.0,65.00533997864008,0,0.0,351,B
A088,0.04113667101265078,0.050583808941303675,0.8547008547008548,3,4.184171842394789,351,351,14,l2,11.172415130954379,13.738187813577031,28329.0,80.5945945945946,0,0.0,351,A
A008,0.040989725207310916,0.051633793024451875,1.1396011396011396,4,4.074401643171314,351,351,14,l2,11.257810511211359,14.181199188442193,19693.0,74.14812304680146,0,0.0,351,A
C048,0.04511594717472725,0.053233983411586625,0.5698005698005698,2,4.5770258216543676,351,351,14,l2,11.28117189653643,13.311074136993513,42319.0,87.08867532360628,0,0.0,351,C
D7,0.08831155523476858,0.11695076250625354,0.0,0,9.183195614465692,351,351,14,l2,11.309665867117046,14.977361041078643,29.0,0.897554936552151,0,222.5099715099715,351,D
A099,0.041963073116367024,0.05260684881386998,0.8547008547008548,3,4.302384982993019,351,351,14,l2,11.359081099730426,14.240269305846805,27139.0,79.96876565400596,0,0.0,351,A
A047,0.0421038543105482,0.051510541665929,1.1396011396011396,4,4.3132182819931755,351,351,14,l2,11.361323239798468,13.899628043723075,20191.0,74.87854626367513,0,0.0,351,A
C100,0.04119420086339596,0.05222571241433613,1.1396011396011396,4,4.062458078906513,351,351,14,l2,11.375819645265263,14.422182560140135,20113.0,74.39064985020526,0,0.0,351,C
B029,0.2333490603935818,0.2994892189855219,1.7094017094017095,6,23.59741731349965,351,351,14,l2,11.431444710734015,14.67155874773803,2367.0,65.84144645340751,0,0.0,351,B
B040,0.330825203549704,0.39889004310891496,1.4245014245014245,5,50.6346079695728,351,351,14,l2,11.561916729185809,13.940695609165413,1869.0,68.11224489795919,0,0.0,351,B
C025,0.043814605428453404,0.05583502140166268,0.5698005698005698,2,4.508311602811186,351,351,14,l2,11.597763505292324,14.779577887260624,44729.0,87.07900167425923,0,0.0,351,C
A054,0.04239740612275357,0.054086293931269,1.1396011396011396,4,4.193425199499194,351,351,14,l2,11.674627055773158,14.893300515797755,19137.0,73.4738539507026,0,0.0,351,A
A053,0.0427957121770183,0.052851964862590715,1.1396011396011396,4,4.278660879674527,351,351,14,l2,11.679571671148473,14.424069145533197,19878.0,74.37701115019082,0,0.0,351,A
A031,0.04386055901999895,0.053765989649771556,0.5698005698005698,2,4.616335559117381,351,351,14,l2,11.87446536180467,14.556184326065075,45615.0,87.09141591568658,0,0.0,351,A
E3,0.13678641370077504,0.2313806013303578,0.2849002849002849,1,12.53174322016099,351,351,14,l2,11.912888548202256,20.15120684349774,36.0,1.6245487364620936,0,192.92307692307693,351,E
A004,0.04415619436345045,0.056189967440114744,0.8547008547008548,3,4.497069977894611,351,351,14,l2,11.942049055651351,15.196584698447898,28427.0,80.73787951944105,0,0.0,351,A
A021,0.043589162692804134,0.052176054587385355,0.8547008547008548,3,4.32633705319614,351,351,14,l2,11.953986357967615,14.308874183837968,28752.0,80.70057258336139,0,0.0,351,A
B019,0.22923978303848241,0.2907496974225993,1.7094017094017095,6,23.02816236136456,351,351,14,l2,11.97663573036949,15.190222083577284,2632.0,66.7681380010147,0,0.0,351,B
C073,0.05100932619477168,0.06863877974466007,1.1396011396011396,4,5.0010164869123965,351,351,14,l2,11.977454832822485,16.117011250699125,16424.0,73.62381208535055,0,0.0,351,C
D036,0.05330360185511287,0.06427439944073836,0.5698005698005698,2,5.5199830013010756,351,351,14,l2,11.996803246011984,14.465951586949998,42018.0,88.16938056068491,0,0.0,351,D
B026,0.2598596829334426,0.3214645853301072,1.7094017094017095,6,35.655935608852054,351,351,14,l2,12.068298266376203,14.929328220701075,2776.0,70.27848101265822,0,0.0,351,B
A003,0.04389132568840455,0.05506192403770522,1.1396011396011396,4,4.508157287319562,351,351,14,l2,12.1038771225331,15.184384436551786,19974.0,74.29421610563512,0,0.0,351,A
C009,0.04398772502071462,0.05440453066369976,0.5698005698005698,2,4.347215269445938,351,351,14,l2,12.130586413404822,15.003250570152371,45986.0,86.9169123762002,0,0.0,351,C
C076,0.04396088138882941,0.05696043728033509,0.5698005698005698,2,4.339462445895016,351,351,14,l2,12.247050674093117,15.868593616688225,46575.0,86.98453608247422,0,0.0,351,C
A075,0.044882852947788446,0.05545587878235501,1.1396011396011396,4,4.60076947784218,351,351,14,l2,12.257494352903434,15.144984696065489,19470.0,73.98821964658939,0,0.0,351,A
C082,0.04605475289880874,0.058246802104912294,0.5698005698005698,2,4.535273308341139,351,351,14,l2,12.26447254403832,15.511239562251742,44951.0,87.02327022108646,0,0.0,351,C
D1,0.09002346626718358,0.11073666300375315,0.0,0,8.95110695432821,351,351,14,l2,12.266530829517349,15.088895673733624,114.0,3.2367972742759794,0,437.03133903133903,351,D
C004,0.05243156894679829,0.06367809449960582,0.5698005698005698,2,5.242519024391642,351,351,14,l2,12.335460205292467,14.981405600236322,39096.0,86.86262747450509,0,0.0,351,C
C045,0.04855026242308991,0.05900743188231421,1.1396011396011396,4,4.898555262815535,351,351,14,l2,12.33743776873933,14.994780304111156,18516.0,74.3763807993573,0,0.0,351,C
A028,0.045006377451650766,0.05770126517136282,0.5698005698005698,2,4.43313428348463,351,351,14,l2,12.390858361938095,15.885930939699847,45324.0,86.80596786240974,0,0.0,351,A
B022,0.298778144858739,0.36436935359196065,1.4245014245014245,5,29.876117438917436,351,351,14,l2,12.398867401744706,15.120809129403131,2155.0,67.61844995293379,0,0.0,351,B
B073,0.27366521718408193,0.3479210322432549,1.1396011396011396,4,29.56725302990966,351,351,14,l2,12.399139455494174,15.763499076252085,2957.0,72.3159696747371,0,0.0,351,B
C7,0.07756367570508249,0.09151108871738285,0.0,0,7.8349517313918176,351,351,14,l2,12.705858192851377,14.99061133638769,45.0,1.0882708585247884,0,369.0883190883191,351,C
B033,0.25643416632401295,0.32142496676024884,1.7094017094017095,6,30.578054373385434,351,351,14,l2,12.763261782565543,15.997989086329193,2729.0,68.61956248428463,0,0.0,351,B
C062,0.050293383722548254,0.06671516858728112,0.5698005698005698,2,5.006629012834467,351,351,14,l2,12.808764817976513,16.991079958754476,41183.0,86.57893077133306,0,0.0,351,C
C8,0.06392278551589106,0.0795886005400024,0.0,0,6.317670097580845,351,351,14,l2,12.88126080434328,16.038123375484073,33.0,0.6493506493506493,0,200.05413105413106,351,C
B024,0.30969900265401207,0.3691756357595163,1.9943019943019942,7,39.11858192610247,351,351,14,l2,12.890007777129522,15.36548963763753,1925.0,64.88035052241321,0,0.0,351,B
C1,0.0569897028348861,0.0727188364225715,0.0,0,5.761893721136019,351,351,14,l2,12.912307969658082,16.476099442102118,74.0,1.2849453030039937,0,542.2478632478633,351,C
D9,0.05376315540590514,0.06795354303351096,0.0,0,5.569898550347996,351,351,14,l2,12.914185636987677,16.322789516357197,39.0,0.642081000987817,0,290.5897435897436,351,D
A044,0.04775559278064558,0.05936157766204337,1.1396011396011396,4,4.820976830969577,351,351,14,l2,12.935779187479886,16.079546209043013,19673.0,74.31064440583214,0,0.0,351,A
A092,0.04793757020372475,0.06699804400170933,0.8547008547008548,3,4.862010412228322,351,351,14,l2,13.100067795928988,18.308790263817542,28979.0,80.86786661085532,0,0.0,351,A
C029,0.05203660626357968,0.065874386083304,0.5698005698005698,2,5.271178232466385,351,351,14,l2,13.10358836985475,16.588146332606808,42464.0,87.02530997028384,0,0.0,351,C
E9,0.09504356617028525,0.11984331876931216,0.0,0,9.69212895702928,351,351,14,l2,13.147422540831995,16.577984329131574,30.0,0.8571428571428572,0,161.13675213675214,351,E
C060,0.04551344677826034,0.056321073497186354,0.5698005698005698,2,4.485977579043012,351,351,14,l2,13.207846653523703,16.344182978204856,47762.0,86.76743087599462,0,0.0,351,C
C032,0.049009284055358225,0.06175421779389773,1.1396011396011396,4,4.858650813773738,351,351,14,l2,13.225804570631459,16.665193783115615,20142.0,74.8494983277592,0,0.0,351,C
C093,0.04925011168583088,0.05884489869664799,1.1396011396011396,4,4.939989742377189,351,351,14,l2,13.251787886201171,15.833468981499209,20385.0,75.11330557500277,0,0.0,351,C
C024,0.05189548664111867,0.0647213660152031,0.5698005698005698,2,5.254485579495198,351,351,14,l2,13.2555266518789,16.53160703730209,43282.0,87.06024338730765,0,0.0,351,C
D2,0.06128956580524831,0.07914335696445421,0.0,0,6.127046728341509,351,351,14,l2,13.351696181574093,17.24107591717956,149.0,2.6441881100266196,0,708.9230769230769,351,D
E7,0.07292806620990933,0.08703269522975152,0.0,0,7.4929507225604555,351,351,14,l2,13.408583341471505,16.00186605883765,104.0,2.2057264050901377,0,508.2478632478632,351,E
C061,0.049942140245456616,0.06012794831403977,0.8547008547008548,3,4.910709125720209,351,351,14,l2,13.409535798555023,16.144439774667703,27512.0,80.33873558183676,0,0.0,351,C
A098,0.04849460010549817,0.06335775048328203,1.1396011396011396,4,4.760515686416265,351,351,14,l2,13.4167012012673,17.528797127296396,19300.0,73.55743578016617,0,0.0,351,A
C094,0.05004736734562301,0.06327138797366146,1.1396011396011396,4,5.050945359342756,351,351,14,l2,13.522770139768907,17.095892978410404,19863.0,74.60281690140846,0,0.0,351,C
A067,0.05100101201780007,0.061407950872373634,0.8547008547008548,3,5.099818091095153,351,351,14,l2,13.711135319189937,16.508941504757246,28776.0,80.96108938468896,0,0.0,351,A
B027,0.3235904119529932,0.43058467752568397,1.4245014245014245,5,31.747792461353214,351,351,14,l2,13.729083802860327,18.268567002029872,1840.0,63.77816291161178,0,0.0,351,B
B064,0.24800544324063886,0.3101321711242699,1.9943019943019942,7,31.975512856874253,351,351,14,l2,13.849443569685933,17.318805373808587,3107.0,69.01377165704132,0,0.0,351,B
B023,0.34009179862309247,0.42085591818441337,1.4245014245014245,5,40.520253938467604,351,351,14,l2,14.000930171235572,17.325834808446647,2625.0,71.89811010682004,0,0.0,351,B
B097,0.2911234449193379,0.3506848032234789,1.1396011396011396,4,35.60474246652671,351,351,14,l2,14.129025311113736,17.019702629378813,3446.0,73.96437003648852,0,0.0,351,B
C014,0.048075966937715056,0.05836980424748464,0.8547008547008548,3,4.7578813521614975,351,351,14,l2,14.287054231641367,17.34614219729594,30391.0,80.34420768783377,0,0.0,351,C
E8,0.15785802256811843,0.22532085443256786,0.0,0,16.429486331401154,351,351,14,l2,14.428493105499644,20.594711258990433,42.0,1.8033490768570204,0,241.27350427350427,351,E
C5,0.07351478040035835,0.0905601517591962,0.0,0,7.1782522282657535,351,351,14,l2,14.490998935441576,17.850928147906743,42.0,0.840504302581549,0,259.5441595441595,351,C
C054,0.05328443714081979,0.06689144076565488,1.1396011396011396,4,5.230699529097872,351,351,14,l2,14.496554860080638,18.198473940269746,20465.0,75.00733030347456,0,0.0,351,C
C069,0.05747773132540157,0.07088690268775752,0.8547008547008548,3,5.708601768701702,351,351,14,l2,14.517630400722155,17.904496745820918,26164.0,80.51204726590146,0,0.0,351,C
D5,0.08946572785928592,0.1131748774003366,0.0,0,8.821758139232019,351,351,14,l2,14.547484193278873,18.40268647506214,56.0,1.3559322033898304,0,296.997150997151,351,D
C087,0.052622774710233994,0.06488513142901424,0.8547008547008548,3,5.322883407628852,351,351,14,l2,14.609491530450631,18.013850149182765,29144.0,80.73577483517093,0,0.0,351,C
A034,0.053577215626798895,0.06678768777440541,0.8547008547008548,3,5.266628714807087,351,351,14,l2,14.660008385267863,18.274709712904404,28495.0,80.62645011600928,0,0.0,351,A
C057,0.059447799124373965,0.07275583260649385,1.1396011396011396,4,5.955812326365283,351,351,14,l2,14.716632938789465,18.011110560807587,18424.0,74.80612286329125,0,0.0,351,C
C055,0.05979693699448988,0.07460311460379333,0.8547008547008548,3,5.890424655972561,351,351,14,l2,15.075301865078089,18.808061570625846,26029.0,80.4183273086786,0,0.0,351,C
C001,0.059383599073688745,0.07587587298642746,0.8547008547008548,3,5.981363956873778,351,351,14,l2,15.08647947748995,19.276362808962137,26237.0,80.48900205540387,0,0.0,351,C
D054,0.06573637190073604,0.08184275328042422,1.1396011396011396,4,6.658480456368429,351,351,14,l2,15.11580715806355,18.81940301998951,18460.0,76.20541611624834,0,0.0,351,D
C040,0.05726717006586265,0.07058464111344248,1.1396011396011396,4,5.705631325467676,351,351,14,l2,15.319702187106282,18.88229642914219,19411.0,74.29479082941019,0,0.0,351,C
C027,0.05883298819610623,0.07657897449934273,1.1396011396011396,4,6.173580778929944,351,351,14,l2,15.88960004277629,20.68243197888516,20579.0,75.22389150857185,0,0.0,351,C
E5,0.14103993212421587,0.1913785882207459,0.0,0,14.944293997187524,351,351,14,l2,15.961621720143096,21.65849475752903,48.0,1.6701461377870561,0,186.74928774928776,351,E
E10,0.1563874487504352,0.18596321890508502,0.0,0,17.482945852862436,351,351,14,l2,16.059788006294692,19.09699209525296,32.0,1.2274645186037592,0,194.06837606837607,351,E
C067,0.05900969241071731,0.07216156213023578,1.1396011396011396,4,5.863266588587126,351,351,14,l2,16.256245605852737,19.87937963015142,20731.0,75.01447387465625,0,0.0,351,C
A078,0.05973273882704721,0.07346552860710162,1.1396011396011396,4,6.120228312904377,351,351,14,l2,16.338010231027543,20.09418254679428,19869.0,74.32108924964464,0,0.0,351,A
A10,0.02592769968461824,0.034189510669346994,0.0,0,2.6383166897276866,351,351,14,l2,16.613081237806302,21.90680720386746,26.0,0.1616513305147973,0,475.7150997150997,351,A
A037,0.06230403400045748,0.07707645126938219,1.1396011396011396,4,6.139316877763596,351,351,14,l2,17.00864627338415,21.041432014482826,19972.0,74.50292833961278,0,0.0,351,A
C003,0.07327266813718988,0.09168691276056506,1.1396011396011396,4,7.216208590163253,351,351,14,l2,17.293393450578197,21.63941749287171,17514.0,74.69612317140786,0,0.0,351,C
E4,0.10117055800395094,0.13945542719897405,0.0,0,10.471933547696034,351,351,14,l2,17.77575351185658,24.50243775153256,87.0,1.9367764915405163,0,430.5242165242165,351,E
C086,0.06499328070419784,0.07800354034610567,0.5698005698005698,2,6.4991442904576635,351,351,14,l2,18.750839232223914,22.5043547383145,49297.0,87.18651621803262,0,0.0,351,C
D031,0.0782748373440671,0.09244538334224998,1.1396011396011396,4,7.804910363722084,351,351,14,l2,18.834353098483973,22.24404484597267,19412.0,76.27504911591355,0,0.0,351,D
A7,0.03125957932682338,0.037825886161501995,0.0,0,3.1476705569904873,351,351,14,l2,19.813496951264057,23.975469161118173,44.0,0.2759831901147839,0,699.5413105413105,351,A
C089,0.0351655896173402,0.044413151330737075,1.4245014245014245,5,3.513153735771498,351,351,14,l2,19.94309716136217,25.187571198704248,36551.0,71.9153959665519,0,0.0,351,C
E6,0.104845318063049,0.14444158166230014,0.0,0,10.084702122919738,351,351,14,l2,20.160768938311765,27.774758155884008,42.0,0.8631319358816275,0,319.8005698005698,351,E
E022,0.08036574798233335,0.11680693095501507,1.1396011396011396,4,7.602225743883132,351,351,14,l2,20.365733765050106,29.60040710708456,22953.0,78.33788395904436,0,0.0,351,E
E099,0.08348128637032588,0.12345461919296591,1.1396011396011396,4,7.920585271936635,351,351,14,l2,21.487274461084677,31.776023123559295,23126.0,78.10990644104436,0,0.0,351,E
D6,0.10183397191213754,0.12787957925766352,0.0,0,11.546582546133905,351,351,14,l2,22.176885980033852,27.848966264605533,60.0,1.0857763300760044,0,411.82621082621085,351,D
A3,0.034788411700740283,0.04414693986978459,0.0,0,3.4416478073174215,351,351,14,l2,23.21507029249116,29.460221440739726,40.0,0.23837902264600713,0,617.934472934473,351,A
A9,0.03585653517196683,0.04503899767704198,0.0,0,3.5633291441813117,351,351,14,l2,23.26036932340786,29.217092920432336,20.0,0.12293318581351036,0,407.35897435897436,351,A
A4,0.036552479987183355,0.044554936110197944,0.0,0,3.6754337103794077,351,351,14,l2,23.913132270589532,29.148448501563088,13.0,0.07936507936507936,0,610.2279202279202,351,A
D037,0.03944667420951605,0.052047324646650565,1.4245014245014245,5,4.087619760252534,351,351,14,l2,23.92154212404772,31.56292118230044,42150.0,73.4384528269013,0,0.0,351,D
E081,0.09486584086712896,0.12091086335195356,0.8547008547008548,3,9.374216103890557,351,351,14,l2,24.377548099292206,31.070302652116247,31287.0,82.96298260500636,0,0.0,351,E
C035,0.04545627060976461,0.05705528078850785,0.8547008547008548,3,4.639498332859966,351,351,14,l2,24.505074020086237,30.75799796604628,56563.0,80.7051336928916,0,0.0,351,C
A2,0.025417345360379498,0.03059275146932955,0.2849002849002849,1,2.5449768006892306,351,351,14,l2,24.9454951542022,30.024824493334815,52.0,0.2109105658081525,0,907.894586894587,351,A
C066,0.041390466946842,0.04924826600888038,1.4245014245014245,5,4.140861798592622,351,351,14,l2,25.120947476218518,29.89004944768603,38205.0,71.57174971899587,0,0.0,351,C
D012,0.050426538373493104,0.0640313693554871,1.1396011396011396,4,5.065525248854748,351,351,14,l2,25.199764643706356,31.99853667569393,40093.0,76.18043284120922,0,0.0,351,D
E063,0.09740328728119399,0.12241605977397627,0.8547008547008548,3,9.922759797851363,351,351,14,l2,25.29044441498261,31.784928842054423,31743.0,82.98389626686186,0,0.0,351,E
C039,0.04317772093868626,0.05434987451665355,1.1396011396011396,4,4.241750749143476,351,351,14,l2,25.68028781527107,32.32501368688489,44427.0,74.83576457905198,0,0.0,351,C
A063,0.03749282662717645,0.04812721722061624,1.1396011396011396,4,3.749146412405671,351,351,14,l2,25.916195390139045,33.26701338034289,50657.0,74.53614466695113,0,0.0,351,A
C098,0.04452983775400834,0.05390719931392578,1.1396011396011396,4,4.529054134363251,351,351,14,l2,26.204477429070323,31.722774187718834,44114.0,74.95752056004893,0,0.0,351,C
A038,0.03784537117104925,0.04828115294127211,1.4245014245014245,5,3.8629855967848727,351,351,14,l2,26.58750537415012,33.91895424923763,43449.0,71.11362074044976,0,0.0,351,A
C043,0.0460158703878092,0.057566304542481045,0.8547008547008548,3,4.595572841829417,351,351,14,l2,26.761964961867324,33.479480278573696,59738.0,80.32107994729341,0,0.0,351,C
A045,0.03885726487351749,0.04587062292169947,1.4245014245014245,5,3.90513706687059,351,351,14,l2,26.790368211186205,31.62576887871324,43228.0,71.4394314989258,0,0.0,351,A
A091,0.039012128635672105,0.049575632461371054,1.1396011396011396,4,3.898510835047033,351,351,14,l2,26.808112258310086,34.06707520916745,48661.0,73.89224648464786,0,0.0,351,A
D074,0.05929362665633854,0.07510844335672827,0.5698005698005698,2,5.875172089692989,351,351,14,l2,26.851228634335236,34.01299766380431,86175.0,88.33025830258303,0,0.0,351,D
A093,0.038897184064487535,0.048672118037380474,0.8547008547008548,3,3.9807132617165895,351,351,14,l2,26.863991096845428,33.614961521457516,72498.0,80.72734561165178,0,0.0,351,A
C079,0.048706411790829254,0.05685892883828962,1.4245014245014245,5,4.847406892452688,351,351,14,l2,26.87234036735398,31.37025357621122,34412.0,71.34830295867803,0,0.0,351,C
A057,0.039304741117639694,0.048290675933952476,1.1396011396011396,4,4.006952766940615,351,351,14,l2,27.146922449194175,33.35331049947644,48906.0,73.87836490528414,0,0.0,351,A
D032,0.05580458913131948,0.07239991029742561,1.1396011396011396,4,5.712364317373054,351,351,14,l2,27.181286555088416,35.26453180626601,40296.0,76.76013410545566,0,0.0,351,D
A096,0.03951032487055247,0.048986577941843294,0.8547008547008548,3,4.060378030019868,351,351,14,l2,27.227003871907378,33.75719515503468,70902.0,80.40872336323531,0,0.0,351,A
E051,0.10663808974569036,0.13971604461780607,1.1396011396011396,4,10.565032981159245,351,351,14,l2,27.407204313528414,35.90861567241283,24161.0,78.82613944080128,0,0.0,351,E
C015,0.042269846051519025,0.052165237822446,1.1396011396011396,4,4.225270193647054,351,351,14,l2,27.491777993495933,33.927616756509714,46976.0,74.16014144986107,0,0.0,351,C
C071,0.052066249532025446,0.06564661520884461,1.1396011396011396,4,5.233399889728087,351,351,14,l2,27.6629022121904,34.87817757963477,38679.0,74.36696083520793,0,0.0,351,C
A6,0.03934510673373986,0.04769180934876973,0.0,0,3.8942993318303456,351,351,14,l2,27.743232397418467,33.628704051313846,46.0,0.2594618985842405,0,847.0911680911681,351,A
A026,0.04022013613961,0.04918761426298346,0.8547008547008548,3,4.081458070600154,351,351,14,l2,27.803916562562762,34.003075427998176,72946.0,80.81226596946802,0,0.0,351,A
C080,0.04922585823226771,0.06031119429973841,0.8547008547008548,3,5.019057718753455,351,351,14,l2,27.97879976449404,34.27943949515046,59509.0,80.6956403823988,0,0.0,351,C
C091,0.04521964113272405,0.059515829664724657,0.8547008547008548,3,4.64917966123468,351,351,14,l2,28.15341360892931,37.054114691260054,64990.0,80.6597743661028,0,0.0,351,C
C056,0.04478458198996938,0.05701885987342023,1.4245014245014245,5,4.605327444451187,351,351,14,l2,28.40427025078346,36.16376514575766,40717.0,71.90386211524537,0,0.0,351,C
E037,0.10718852051220451,0.16753268338027846,0.8547008547008548,3,9.508568688699626,351,351,14,l2,28.571695634308735,44.65676749214311,31414.0,82.46226538915869,0,0.0,351,E
C053,0.04981702156262364,0.06201171729506612,1.4245014245014245,5,5.062607620855153,351,351,14,l2,28.589293223491538,35.58765886499814,36407.0,71.71814671814671,0,0.0,351,C
C019,0.04849709519011377,0.06269616628418259,1.1396011396011396,4,4.76086040758799,351,351,14,l2,28.835599057212406,37.27814019185933,44166.0,74.77398164764838,0,0.0,351,C
C050,0.04515743982748499,0.056735608978676313,0.8547008547008548,3,4.63608657649609,351,351,14,l2,28.845826370484023,36.24176950409103,66204.0,80.5048883700569,0,0.0,351,C
C030,0.05332255880812416,0.06123138144737468,1.1396011396011396,4,5.304495221509736,351,351,14,l2,28.90249795134486,33.18932767665919,39584.0,74.41720559482629,0,0.0,351,C
A012,0.04132234372635768,0.05565807587942732,1.1396011396011396,4,3.983219703760195,351,351,14,l2,28.96719840712674,39.01662833151205,49671.0,73.85583013649746,0,0.0,351,A
C006,0.04673580742644314,0.057934979185463906,1.1396011396011396,4,4.627191141425892,351,351,14,l2,28.989515649245586,35.93619278706325,45241.0,74.41076333492327,0,0.0,351,C
E018,0.10832422258462748,0.13801745284496386,0.5698005698005698,2,10.677453363887155,351,351,14,l2,29.0688514229876,37.03704245276351,47093.0,87.397000965036,0,0.0,351,E
E024,0.10982435390525891,0.14854157209927876,0.5698005698005698,2,10.359946627673716,351,351,14,l2,29.190437176305753,39.4811649169744,45541.0,87.22825566473213,0,0.0,351,E
A079,0.04235111392238338,0.05642079590858466,1.4245014245014245,5,4.480517578322261,351,351,14,l2,29.20899617757997,38.912667446011895,44625.0,72.10373242850217,0,0.0,351,A
A080,0.04237472451316997,0.053822117015337574,1.1396011396011396,4,4.276552953194755,351,351,14,l2,29.26065271917534,37.165321844325966,49373.0,73.96704119850187,0,0.0,351,A
A1,0.031321853719279556,0.03869056813084024,0.0,0,3.132748139943818,351,351,14,l2,29.336440832099356,36.23807112131584,16.0,0.06812569190155837,0,464.2991452991453,351,A
A070,0.042659658812245406,0.053680511646384856,1.4245014245014245,5,4.254445757256208,351,351,14,l2,29.351546787677748,36.93433311574141,44606.0,72.11731229386277,0,0.0,351,A
C096,0.047744098018544984,0.05708381537212627,0.8547008547008548,3,4.839023484330482,351,351,14,l2,29.421110202054667,35.17647819348733,63630.0,80.43230944254836,0,0.0,351,C
A030,0.04266983744182086,0.05141567805652677,1.1396011396011396,4,4.28738951838904,351,351,14,l2,29.472457890477514,35.51329222890682,50060.0,74.27079315153853,0,0.0,351,A
A097,0.043209222492753996,0.05392388268638619,1.1396011396011396,4,4.275087541389134,351,351,14,l2,29.5825601981944,36.91819509036298,50896.0,74.74044377872741,0,0.0,351,A
C041,0.049978787311544134,0.06066477067423344,1.1396011396011396,4,5.139895496515093,351,351,14,l2,29.604528853326965,35.934284331684395,44054.0,74.77806256683584,0,0.0,351,C
A076,0.043229231778735125,0.05157184211501666,1.4245014245014245,5,4.288402281443471,351,351,14,l2,29.75057899849361,35.49200621453967,42647.0,71.17204319020043,0,0.0,351,A
C013,0.051343786648991356,0.06324214536791002,0.8547008547008548,3,5.194739854489561,351,351,14,l2,29.837907694191617,36.75251513431991,59831.0,80.44936870554382,0,0.0,351,C
E025,0.11521818907735133,0.13771762918764677,1.1396011396011396,4,11.895277667252728,351,351,14,l2,30.07522991867808,35.94822479715494,25255.0,79.44322113872286,0,0.0,351,E
C018,0.05384757685879793,0.06621831607292847,1.1396011396011396,4,5.3187549365767275,351,351,14,l2,30.094505576172857,37.008303781749945,41085.0,74.60504812057381,0,0.0,351,C
A035,0.04355959876560115,0.05360361488034716,0.8547008547008548,3,4.49073922561399,351,351,14,l2,30.201321810816797,37.165172983707365,71983.0,80.54582685271178,0,0.0,351,A
C044,0.048913456404027666,0.061339561214213884,1.1396011396011396,4,4.8026292475147665,351,351,14,l2,30.24830440757335,37.932664265405315,45188.0,74.47425670775925,0,0.0,351,C
A095,0.044143979226372816,0.05617653296520138,0.8547008547008548,3,4.51438741316645,351,351,14,l2,30.332573213034323,38.60048026670427,71867.0,80.70409882088714,0,0.0,351,A
C075,0.047023847218419366,0.05868096043013551,0.8547008547008548,3,4.735696427083464,351,351,14,l2,30.387453133701136,37.92043910462611,66577.0,80.44489554258648,0,0.0,351,C
A046,0.04392629868767899,0.05407546401054615,0.8547008547008548,3,4.444018669279625,351,351,14,l2,30.74115060466907,37.84388926062273,72472.0,80.45650339713131,0,0.0,351,A
A5,0.033396955529138767,0.04177693053381583,0.0,0,3.3720132928001814,351,351,14,l2,31.06383089515013,38.85837750356028,17.0,0.07261233555441654,0,441.5213675213675,351,A
E047,0.11994783961030306,0.1955574071697743,0.5698005698005698,2,10.55761930714818,351,351,14,l2,31.169009980102942,50.81651154002263,45719.0,87.30498214524415,0,0.0,351,E
E077,0.1180153504773032,0.1584225320620859,1.1396011396011396,4,11.128751457490322,351,351,14,l2,31.402506235124466,42.154385262115774,23124.0,77.62857526520747,0,0.0,351,E
A017,0.04529487824094903,0.054639864630324164,0.8547008547008548,3,4.709353371661729,351,351,14,l2,31.456196053823295,37.946062798155126,72244.0,80.60247684926922,0,0.0,351,A
E020,0.12192970406236749,0.18729122498877865,0.8547008547008548,3,11.011579587954808,351,351,14,l2,31.547834569322017,48.459336694603735,31302.0,82.82486174688435,0,0.0,351,E
A8,0.04945472553276033,0.05797353184565799,0.0,0,4.983478632034871,351,351,14,l2,31.761487317655167,37.23255111901882,17.0,0.10567539006651333,0,208.44729344729345,351,A
C097,0.055265579986537236,0.07055322562006716,1.4245014245014245,5,5.520269198426457,351,351,14,l2,31.791564250204253,40.58579328952884,37533.0,72.22607089250664,0,0.0,351,C
A068,0.045954004555796575,0.055571800802096574,1.4245014245014245,5,4.5387573433172035,351,351,14,l2,31.864061620483675,38.53294837382981,42383.0,70.97190126929904,0,0.0,351,A
C084,0.05672530128378591,0.07431901747869779,0.8547008547008548,3,5.527324106068102,351,351,14,l2,31.98418134408201,41.9042804278963,58987.0,80.70681917688266,0,0.0,351,C
C059,0.05424855312799854,0.06798022785101034,1.1396011396011396,4,5.331442282828294,351,351,14,l2,32.00695545408397,40.10872178382175,43681.0,74.7079649044793,0,0.0,351,C
A072,0.045637499576080855,0.05369933225494047,0.8547008547008548,3,4.610646413257935,351,351,14,l2,32.063268932938854,37.727223173983816,70974.0,80.1241815308196,0,0.0,351,A
E044,0.1267917194248221,0.1427292615060755,1.1396011396011396,4,13.088682255233378,351,351,14,l2,32.215572403031075,36.26502486865052,23986.0,78.90131578947368,0,0.0,351,E
A055,0.047114044664530424,0.05860757973304967,1.1396011396011396,4,4.833727695270822,351,351,14,l2,32.23298640900763,40.09626714181087,49902.0,74.37846539080665,0,0.0,351,A
A089,0.04670641176633529,0.06455825591444665,1.1396011396011396,4,4.7292360815536885,351,351,14,l2,32.39748336161288,44.78025484609259,50760.0,74.47183098591549,0,0.0,351,A
A011,0.045345837408163045,0.0557036113905589,1.1396011396011396,4,4.469467154630894,351,351,14,l2,32.45612163686774,39.86966147810809,48876.0,73.15671306690615,0,0.0,351,A
D3,0.21064950916600766,0.2500053109498932,0.0,0,24.591187940055253,351,351,14,l2,32.601462354487275,38.69241739809415,45.0,1.1476664116296864,0,278.8888888888889,351,D
A029,0.047191708456347466,0.055785393301005584,1.1396011396011396,4,4.781082886266112,351,351,14,l2,32.83184970512185,38.81058153031071,49962.0,74.10011123470522,0,0.0,351,A
E048,0.12097548442382568,0.1677182249726254,0.8547008547008548,3,11.598114984050403,351,351,14,l2,32.840535777321385,45.52952520880809,33156.0,82.9688203793604,0,0.0,351,E
A014,0.04778206273503754,0.05736038620018426,0.8547008547008548,3,4.97887911948075,351,351,14,l2,32.865346762802574,39.4534868318897,71480.0,80.56444704927641,0,0.0,351,A
E089,0.12630779691542196,0.18346954138473817,0.5698005698005698,2,11.884935194667575,351,351,14,l2,33.048740936502426,48.005249802775936,48448.0,88.07125977095073,0,0.0,351,E
C022,0.05023216215390727,0.06413148608856212,0.8547008547008548,3,5.1696922841718616,351,351,14,l2,33.1532270215788,42.326780818451,68271.0,80.49306734578381,0,0.0,351,C
E090,0.12437136530888246,0.16722686480224208,0.5698005698005698,2,12.129090508826662,351,351,14,l2,33.37227435580193,44.87158919563979,45420.0,87.11496413364532,0,0.0,351,E
A071,0.048707581909097956,0.059288759354517,1.4245014245014245,5,4.910359002472182,351,351,14,l2,33.71952348505849,41.04471285775725,43218.0,71.40284501131727,0,0.0,351,A
E092,0.13089603299572022,0.163847492148938,0.5698005698005698,2,12.89333880302992,351,351,14,l2,33.972182102026,42.524259237298594,44267.0,87.23592937096011,0,0.0,351,E
C012,0.05223209568565785,0.06556752413165609,1.1396011396011396,4,5.288802442420574,351,351,14,l2,34.31068329928991,43.07057807403898,48980.0,74.86091581585865,0,0.0,351,C
E083,0.1284776306574243,0.2301693039271557,1.1396011396011396,4,10.705338806276627,351,351,14,l2,34.49606081495054,61.80013022793999,23300.0,77.23159534621632,0,0.0,351,E
C090,0.05685378850620606,0.0702507054925783,1.1396011396011396,4,5.853691850370808,351,351,14,l2,34.63270393697275,42.79348744582519,45408.0,74.79123087312438,0,0.0,351,C
A009,0.050264871838282744,0.0622038850109644,1.4245014245014245,5,5.11781134451447,351,351,14,l2,34.63435835849675,42.86078062014747,43123.0,71.4430086149768,0,0.0,351,A
E040,0.12665509062294078,0.16429056182639065,0.8547008547008548,3,12.196241636705958,351,351,14,l2,35.12207005895532,45.558568503731934,30804.0,81.60432340786267,0,0.0,351,E
C074,0.059119064624158536,0.07209961818228015,0.8547008547008548,3,6.1311794165055815,351,351,14,l2,35.18864416052372,42.914884131795304,64985.0,81.28408465502577,0,0.0,351,C
D011,0.0641656038533916,0.08069101736573318,0.8547008547008548,3,6.346893663174885,351,351,14,l2,35.27024200871214,44.35385221217976,65699.0,82.63401504288984,0,0.0,351,D
D055,0.05918624117050577,0.08060348263556409,1.1396011396011396,4,5.914816502456326,351,351,14,l2,35.3122651487288,48.090425991714895,47690.0,76.11401940755873,0,0.0,351,D
E013,0.1269775757113763,0.15971725125860795,0.5698005698005698,2,12.080584088254053,351,351,14,l2,35.925609939445465,45.18860623358928,44301.0,86.1987780674787,0,0.0,351,E
E008,0.12903962275375516,0.1672811476054859,1.1396011396011396,4,12.824236717212914,351,351,14,l2,35.93882165680582,46.58946765375922,25332.0,78.373863003527,0,0.0,351,E
A056,0.052003372729710694,0.06265564597068708,0.8547008547008548,3,5.4936123178859555,351,351,14,l2,36.16560481500809,43.57369940950615,71156.0,80.32329800083534,0,0.0,351,A
A064,0.05399771903184418,0.06747058653506535,0.8547008547008548,3,5.821661482072864,351,351,14,l2,36.54091797936701,45.658172471019746,71481.0,80.79414058526329,0,0.0,351,A
A051,0.05334115452814605,0.0646458511402314,0.8547008547008548,3,5.349407425598557,351,351,14,l2,36.586257180461836,44.3400551860639,72468.0,80.8632194425227,0,0.0,351,A
E073,0.13828960549983169,0.16488901352555338,0.5698005698005698,2,13.647688269688867,351,351,14,l2,37.0352171127911,44.15878108380497,46560.0,87.39558892538714,0,0.0,351,E
A081,0.05509634040870026,0.07574027705027914,1.1396011396011396,4,5.480013903784733,351,351,14,l2,37.78682831215153,51.94509878485056,50667.0,74.69483429649722,0,0.0,351,A
E062,0.14158424930954894,0.17383640764808186,1.1396011396011396,4,14.03296123639461,351,351,14,l2,37.936107962436324,46.5777567808523,24335.0,78.2979407979408,0,0.0,351,E
C064,0.05912224529804138,0.07264713513403467,1.4245014245014245,5,5.8341522139109525,351,351,14,l2,38.47005335004265,47.27051806381001,41000.0,71.53575042746972,0,0.0,351,C
E032,0.1474571783371925,0.16820300084452616,1.1396011396011396,4,14.763444389488466,351,351,14,l2,38.843413579017536,44.30831242474568,22898.0,77.7336456529857,0,0.0,351,E
A016,0.055748795485136206,0.0678920191582351,1.4245014245014245,5,5.636424322013038,351,351,14,l2,38.91011799299042,47.385534579552,43776.0,71.44069456230825,0,0.0,351,A
E021,0.1359501658484591,0.17658967608589737,0.5698005698005698,2,12.980908505060713,351,351,14,l2,39.43987902521665,51.22962093105035,48436.0,86.89162764831458,0,0.0,351,E
E067,0.14628012662371223,0.19772678883103453,0.5698005698005698,2,13.807906113348222,351,351,14,l2,40.44416287272016,54.66835882876518,45650.0,86.77717370642132,0,0.0,351,E
E034,0.152826990137816,0.20001748386996707,0.5698005698005698,2,15.630886781870029,351,351,14,l2,40.59668300131004,53.132279710973954,45901.0,87.31073575287225,0,0.0,351,E
E068,0.15233052148434892,0.1776610351334335,1.1396011396011396,4,15.485203281553028,351,351,14,l2,40.825881728074606,47.61467588614593,22756.0,77.33034288238693,0,0.0,351,E
C005,0.06521837845635708,0.0834536056572012,1.4245014245014245,5,6.768445511917322,351,351,14,l2,41.05283245379744,52.531310526264974,39723.0,71.60264614164429,0,0.0,351,C
C011,0.06459607129153219,0.0805574493828994,0.8547008547008548,3,6.6112526981498885,351,351,14,l2,41.416203589385056,51.64994801659253,66828.0,80.59237105196513,0,0.0,351,C
D058,0.07397286305869738,0.08942467722921921,0.5698005698005698,2,7.107186660638056,351,351,14,l2,41.45430815853497,50.11348721079036,103829.0,88.07128558341533,0,0.0,351,D
E057,0.17213443806320333,0.18759247423748354,0.5698005698005698,2,17.822829528751583,351,351,14,l2,44.92267463095598,48.95682571254121,44689.0,87.16233348286556,0,0.0,351,E
E060,0.1637887315043903,0.2622047829222862,0.8547008547008548,3,14.139263342468439,351,351,14,l2,45.6965894551622,73.15438741314428,33135.0,82.5917894264563,0,0.0,351,E
E035,0.1628408370175544,0.19314567830348456,1.1396011396011396,4,15.967737326929079,351,351,14,l2,45.97168484588741,54.5270609936484,24646.0,77.48608796805735,0,0.0,351,E
E098,0.0695612678648061,0.12861703016600143,1.4245014245014245,5,6.437600025346922,351,351,14,l2,46.03013766196958,85.10856380192637,54308.0,76.3718183096611,0,0.0,351,E
E027,0.07427339837010354,0.10101825876201037,1.4245014245014245,5,7.329110616556486,351,351,14,l2,47.30792265928472,64.34287480526032,50714.0,76.09801479525231,0,0.0,351,E
D016,0.09472736051990563,0.1189260566356885,1.4245014245014245,5,9.807407793030476,351,351,14,l2,48.311223743671874,60.652627704875314,44047.0,77.48069447131876,0,0.0,351,D
E005,0.07781713491113763,0.10409475493349814,0.8547008547008548,3,8.177955498903911,351,351,14,l2,50.1696601925384,67.11116374051575,81115.0,83.37101979567085,0,0.0,351,E
A002,0.03015738359949418,0.038934016315083655,1.7094017094017095,6,3.0478217430934733,351,351,14,l2,50.509149768619494,65.20870932534808,96609.0,69.64668055625644,0,0.0,351,A
E002,0.07832744948341222,0.11190538288493919,1.1396011396011396,4,7.516631772847318,351,351,14,l2,50.54865299738909,72.2181866676087,58375.0,78.31470773688942,0,0.0,351,E
E038,0.18182551938806563,0.23384874510552317,1.1396011396011396,4,17.586177886113664,351,351,14,l2,52.47867825392415,67.4936779819377,26069.0,78.32762454179436,0,0.0,351,E
C042,0.042543209139379486,0.0537017514490339,1.7094017094017095,6,4.184057273973115,351,351,14,l2,53.883095475194885,68.01594564795174,73219.0,69.78355555979147,0,0.0,351,C
A040,0.03234813853205935,0.04550210943915181,1.4245014245014245,5,3.159080815926877,351,351,14,l2,54.24349680113816,76.30094465440447,105737.0,71.53623933589971,0,0.0,351,A
D060,,,1.1396011396011396,4,,0,351,14,l2,54.408302410502884,59.7056852337049,1319.0,100.0,0,0.0,351,D
D087,0.22031762793540574,0.26970917324994087,0.8547008547008548,3,21.18238186903962,351,351,14,l2,54.42912475438967,66.63122863018624,30288.0,82.98536906131842,0,0.0,351,D
E091,0.08490620492800752,0.09853485138333955,0.8547008547008548,3,8.654810305683377,351,351,14,l2,55.1846790388496,64.04260032986899,82304.0,83.24719067029443,0,0.0,351,E
D007,0.0415338521966879,0.05303278114954,1.7094017094017095,6,4.168942634316303,351,351,14,l2,56.196130332561395,71.75441052913972,88740.0,72.33806674600976,0,0.0,351,D
A065,0.033949153022295835,0.044442834396312914,1.1396011396011396,4,3.3854019583880652,351,351,14,l2,56.81917889004774,74.38198403024846,121719.0,74.3676377144533,0,0.0,351,A
C034,0.04608972058755015,0.05633195821862779,1.9943019943019942,7,4.632699404833653,351,351,14,l2,56.94522853824348,69.59981952316392,65723.0,67.85920786354438,0,0.0,351,C
C088,0.04460227978443356,0.05498674385016536,1.1396011396011396,4,4.424122868885166,351,351,14,l2,57.012387614369025,70.28621786126179,92848.0,74.29147529965275,0,0.0,351,C
C072,0.03948881882480313,0.04865790495118746,1.7094017094017095,6,3.9422331439588176,351,351,14,l2,57.06280575068588,70.31247479909369,81255.0,69.17144097591705,0,0.0,351,C
E045,0.19206002559496668,0.2253663920481916,0.5698005698005698,2,18.759114089253238,351,351,14,l2,57.888861560739315,67.9277420134998,46234.0,86.0327502791217,0,0.0,351,E
A049,0.03533773026684936,0.042459748441511264,1.9943019943019942,7,3.5780062491321027,351,351,14,l2,58.54173235851083,70.3403192707166,90424.0,68.55704494450173,0,0.0,351,A
A061,0.035141675997762786,0.04597427649641198,1.9943019943019942,7,3.423671477017567,351,351,14,l2,59.290415007268145,77.56698722350905,90629.0,68.2185305342075,0,0.0,351,A
C058,0.04834217773814278,0.058638462221983094,1.9943019943019942,7,4.8745336253133384,351,351,14,l2,59.36364335443092,72.00736336401151,66405.0,68.41503368980652,0,0.0,351,C
C063,0.04685749171672901,0.05593112437317379,1.1396011396011396,4,4.733651799035329,351,351,14,l2,59.66640759344819,71.22039916656881,95308.0,74.869401959167,0,0.0,351,C
D029,0.3546109253708637,0.3761087798699988,0.8547008547008548,3,38.91415655352318,351,351,14,l2,60.950647087248456,64.64570566825364,24550.0,84.93634099086633,0,0.0,351,D
C099,0.04797510203619164,0.06165542374607273,1.7094017094017095,6,4.922168796085925,351,351,14,l2,61.14310575490599,78.57834448430746,76474.0,70.46866073238606,0,0.0,351,C
A048,0.03686411883906548,0.04543666983695447,1.4245014245014245,5,3.821223650721375,351,351,14,l2,61.213341949176424,75.44817278567106,105322.0,71.6729727522661,0,0.0,351,A
A027,0.037331452699974,0.048111167601671,1.9943019943019942,7,3.9143135166109135,351,351,14,l2,62.06816666126362,79.99077863290816,86601.0,67.53620475867393,0,0.0,351,A
C020,0.04923810924555398,0.06153492342759522,1.9943019943019942,7,5.031448066798595,351,351,14,l2,62.78420046862213,78.46403989707024,68338.0,68.12069498300421,0,0.0,351,C
A024,0.038344921455126885,0.04824773446163013,1.4245014245014245,5,3.935691043646284,351,351,14,l2,62.89331832174103,79.13590657237916,105641.0,72.05825176494662,0,0.0,351,A
A084,0.037394011180375365,0.04620526565892199,1.7094017094017095,6,3.7326596572053687,351,351,14,l2,62.921656146178286,77.74806034874607,96403.0,69.52624101199363,0,0.0,351,A
D083,0.10854545905731236,0.14847524520307995,0.8547008547008548,3,10.574423300015072,351,351,14,l2,63.177477373543105,86.4180917913482,72031.0,83.19492729351705,0,0.0,351,D
C002,0.049923724443419915,0.06314164106008344,1.4245014245014245,5,5.118698201080509,351,351,14,l2,63.29033940643778,80.04723080909615,81152.0,71.81910704013453,0,0.0,351,C
C065,0.0434973598985192,0.05343179219737985,1.4245014245014245,5,4.361774785290761,351,351,14,l2,64.07272644743927,78.7063999526943,95401.0,72.03391750164226,0,0.0,351,C
A060,0.03765175228496922,0.04658120349406579,1.1396011396011396,4,3.8106410296392954,351,351,14,l2,64.08907496629222,79.28837468589906,120492.0,73.86935597584527,0,0.0,351,A
A085,0.03870529105794545,0.05280304049877306,1.1396011396011396,4,3.8133537780288886,351,351,14,l2,64.25596591596074,87.66011772056568,119033.0,74.0720228501733,0,0.0,351,A
C070,0.04414035624979223,0.05438755648821583,1.4245014245014245,5,4.442188950180131,351,351,14,l2,64.99434809180589,80.0828103482852,94550.0,71.82903853166404,0,0.0,351,C
C095,0.04683561932934723,0.05737252510332767,1.4245014245014245,5,4.68143994972019,351,351,14,l2,65.36157531814278,80.06638268971203,89041.0,71.77484361901077,0,0.0,351,C
C083,0.046014230053307265,0.05594126810589438,1.1396011396011396,4,4.657041883840398,351,351,14,l2,65.56647608045988,79.71168512276539,108670.0,75.20415224913495,0,0.0,351,C
C046,0.05281559190413853,0.0690292981131266,1.7094017094017095,6,5.361987107015705,351,351,14,l2,65.57499626625628,85.70567521512284,69931.0,69.26741813427367,0,0.0,351,C
A006,0.039705192576342065,0.04960968687056029,1.1396011396011396,4,3.928530856013859,351,351,14,l2,65.87091448415148,82.30247051825953,117429.0,73.83242794628036,0,0.0,351,A
E039,0.10515450467584786,0.12412409773299793,0.8547008547008548,3,10.652383724943363,351,351,14,l2,67.08587771384028,79.18799168448004,79450.0,83.20852926698994,0,0.0,351,E
A001,0.039950405100298486,0.04772870699523804,1.4245014245014245,5,4.0699441621465455,351,351,14,l2,67.16163900159154,80.23793954477233,105058.0,71.32150276303105,0,0.0,351,A
A041,0.04007297481988918,0.051602552192001376,1.7094017094017095,6,3.9436473123231024,351,351,14,l2,67.17109673563037,86.49719769179654,96010.0,69.6320041774851,0,0.0,351,A
A033,0.03980050387077368,0.05104279975809698,1.7094017094017095,6,3.990406503590459,351,351,14,l2,67.17565328668837,86.15050277917827,98461.0,69.93266758526642,0,0.0,351,A
C033,0.04606087580159555,0.05881195991233728,1.7094017094017095,6,4.545920248805036,351,351,14,l2,67.41396294884348,86.0762462172253,84400.0,69.65362999397546,0,0.0,351,C
E055,0.24419156604579303,0.27100773429148023,0.8547008547008548,3,25.499697681947627,351,351,14,l2,67.45461553343034,74.8622191144377,32124.0,82.06621704475782,0,0.0,351,E
C023,0.04485883845207197,0.055695801941039444,1.7094017094017095,6,4.500299744716939,351,351,14,l2,67.59178970467111,83.92056197027702,86564.0,69.61486807080188,0,0.0,351,C
C081,0.045181160218865604,0.05572491522421833,1.7094017094017095,6,4.504948125330945,351,351,14,l2,67.6786748615228,83.47258903659214,84777.0,69.33192669103757,0,0.0,351,C
D003,0.1118011401932883,0.16128841432219404,0.8547008547008548,3,10.832445374035576,351,351,14,l2,67.6944755608518,97.6585265830568,70469.0,82.26017323092009,0,0.0,351,D
E061,0.10040130361475041,0.13133779340864749,0.8547008547008548,3,9.786785621853648,351,351,14,l2,68.17935020081654,89.18734208641412,84916.0,83.31714400651498,0,0.0,351,E
D025,0.05153108745761902,0.07077472206590804,1.4245014245014245,5,5.260599666616896,351,351,14,l2,68.3366817062619,93.8561535043254,100140.0,75.12265382364856,0,0.0,351,D
A062,0.04037814599997195,0.050048265791346254,1.1396011396011396,4,3.9815000090468815,351,351,14,l2,68.38251844383284,84.75937598920368,117988.0,73.53797251394559,0,0.0,351,A
E010,0.10128107200347386,0.17328021545683625,0.8547008547008548,3,8.738299662107469,351,351,14,l2,68.41348856293912,117.04757664821406,81208.0,82.85854215982368,0,0.0,351,E
A052,0.04082350759878494,0.05102460850385979,1.4245014245014245,5,4.087695822189785,351,351,14,l2,68.8113367870015,86.00612065702309,106403.0,71.58292015096573,0,0.0,351,A
A059,0.042229181628102075,0.057546143441767776,1.4245014245014245,5,4.188598683367266,351,351,14,l2,69.40059207378714,94.57290604381666,105972.0,72.04127832276222,0,0.0,351,A
D042,0.05073894287976128,0.06535814646884171,1.9943019943019942,7,5.0356871536233205,351,351,14,l2,69.55889858176094,89.60061884796262,83141.0,70.75287850292318,0,0.0,351,D
A019,0.04139890182980401,0.050572015926928636,1.1396011396011396,4,4.139288025471802,351,351,14,l2,69.7576213655768,85.21442315614458,119549.0,73.9097372488408,0,0.0,351,A
D088,0.7573304314690195,0.8027618226394229,1.1396011396011396,4,99.50023612292965,351,351,14,l2,69.87505989494072,74.06678525976555,12598.0,84.18309388573337,0,0.0,351,D
A023,0.04147706520329235,0.05052172160114659,1.4245014245014245,5,4.127930191577768,351,351,14,l2,69.87892873228529,85.11701022951463,104737.0,71.26129436098411,0,0.0,351,A
A007,0.04222986659507373,0.052214251651599375,1.4245014245014245,5,4.194070434845193,351,351,14,l2,70.26785112797735,86.88124206012365,104947.0,71.52778724390345,0,0.0,351,A
E030,0.10457372302091456,0.165018185092757,1.1396011396011396,4,9.561801809778805,351,351,14,l2,70.287544619291,110.91431683446763,57673.0,77.36254007431353,0,0.0,351,E
D018,0.05065227531186544,0.06066188599964539,1.4245014245014245,5,5.030212521194989,351,351,14,l2,71.06874997446401,85.11294670465347,99356.0,73.86074726058966,0,0.0,351,D
A073,0.043562158468282194,0.05513863099796303,1.9943019943019942,7,4.440261946242878,351,351,14,l2,72.02400975469574,91.16410748446691,90980.0,68.7419720438232,0,0.0,351,A
C026,0.04960570553848508,0.06423086241033311,1.1396011396011396,4,4.9320251022727035,351,351,14,l2,72.13150096403511,93.39789573756437,106014.0,74.38326176643933,0,0.0,351,C
A013,0.04312533103797873,0.05567991039955962,1.7094017094017095,6,4.206235041121591,351,351,14,l2,72.21957146474044,93.24402089134229,100376.0,70.5328470743653,0,0.0,351,A
C008,0.04854481020267632,0.05927083920110313,1.9943019943019942,7,4.949943294166529,351,351,14,l2,72.29331860587277,88.26660655409407,81945.0,68.63007847505465,0,0.0,351,C
C047,0.0563767843436067,0.0689073083120087,1.1396011396011396,4,5.708810269167647,351,351,14,l2,72.83430807860191,89.02274545981969,95839.0,74.75391167340062,0,0.0,351,C
D092,0.2667519458667345,0.32794040082084797,0.5698005698005698,2,34.912004995218595,351,351,14,l2,73.45102226801716,90.29946381462716,63472.0,90.12580581035414,0,0.0,351,D
A005,0.043832703742425365,0.05513087582290938,1.4245014245014245,5,4.424589165328041,351,351,14,l2,74.13408949621683,93.24264609085766,105661.0,71.36604640167505,0,0.0,351,A
A083,0.04472005885747686,0.0559855302517376,1.1396011396011396,4,4.5524538548824856,351,351,14,l2,74.6408360149311,93.44367806059462,119762.0,74.10923132139455,0,0.0,351,A
C016,0.04909263697712267,0.06143561226721698,1.4245014245014245,5,4.868409075123271,351,351,14,l2,74.64822175749859,93.4164365721082,96783.0,71.76393821878499,0,0.0,351,C
E054,0.11210934041409387,0.1867062927933939,0.8547008547008548,3,10.052889670331243,351,351,14,l2,75.2496418049552,125.32034889813454,79979.0,82.65367285354057,0,0.0,351,E
E095,0.10865288365276617,0.18240988280103665,1.1396011396011396,4,9.309021018499255,351,351,14,l2,75.36764541763515,126.52957662454928,60205.0,77.93830181107357,0,0.0,351,E
C092,0.053548118698213555,0.06705249946669602,1.7094017094017095,6,5.208236875637322,351,351,14,l2,75.41955029095055,94.43972035998208,78350.0,68.92092785953677,0,0.0,351,C
C052,0.05484116354437902,0.06538792040551196,1.4245014245014245,5,5.59581067280672,351,351,14,l2,75.8170492656325,90.3977753635769,87850.0,71.63767725942054,0,0.0,351,C
A025,0.045326146018535435,0.05493892209154314,1.7094017094017095,6,4.5965518931041185,351,351,14,l2,75.84097303454108,91.92533835079648,93911.0,69.08014270477031,0,0.0,351,A
C017,0.05048828424528043,0.06117855381127898,1.1396011396011396,4,5.0546135616050325,351,351,14,l2,76.10209842065674,92.21577625337143,114760.0,75.2199048280744,0,0.0,351,C
C028,0.05783710795571319,0.07032054167956124,1.9943019943019942,7,5.881954924639421,351,351,14,l2,76.22551838966707,92.67786603491919,73677.0,69.00792387089523,0,0.0,351,C
C068,0.05224764761841543,0.06553943575544763,1.7094017094017095,6,5.304437413634322,351,351,14,l2,77.38546453923459,97.07230684558145,84643.0,69.53453601472135,0,0.0,351,C
E085,0.12507270688044214,0.1503975295792036,0.8547008547008548,3,12.694378052096273,351,351,14,l2,77.40468326156959,93.07764604094609,82878.0,84.24016344287124,0,0.0,351,E
C031,0.057410532457877674,0.06780044118895089,1.9943019943019942,7,5.688714444812176,351,351,14,l2,77.45514998697428,91.4726465100504,70543.0,67.59258372059598,0,0.0,351,C
C010,0.05537280090206751,0.06744879071918154,1.7094017094017095,6,5.496854453941323,351,351,14,l2,77.83065223544536,94.80436764342807,79810.0,69.38370991158598,0,0.0,351,C
A043,0.04629660327472847,0.059223614856483774,1.9943019943019942,7,4.601721036134924,351,351,14,l2,77.86165376726926,99.6023092112839,88420.0,67.70653863530205,0,0.0,351,A
E096,0.12234311917701524,0.1543190009952413,1.4245014245014245,5,12.25171261115294,351,351,14,l2,79.05596256563767,99.71821258042927,51174.0,76.24482255132752,0,0.0,351,E
D082,0.2906441665962234,0.3186723037219567,1.1396011396011396,4,31.82348046384679,351,351,14,l2,79.72179039140912,87.40972474483996,27361.0,79.82786287381474,0,0.0,351,D
C038,0.05903755521704618,0.07278433663288923,1.1396011396011396,4,6.116930910479631,351,351,14,l2,79.74123530029811,98.30882888496606,100846.0,74.87100294744344,0,0.0,351,C
C049,0.05942779497462596,0.07336304600322338,1.4245014245014245,5,5.947067044422556,351,351,14,l2,79.81152865092267,98.526570782329,84222.0,71.49514859805944,0,0.0,351,C
A022,0.04796362004612516,0.062208009353001414,1.4245014245014245,5,4.572553660769199,351,351,14,l2,80.21252707537157,104.0342999492948,106775.0,71.81579106666038,0,0.0,351,A
C078,0.05612981998887407,0.07144189386753086,1.9943019943019942,7,5.670389428494775,351,351,14,l2,81.09383727845567,103.21603235689375,77468.0,68.11930639091133,0,0.0,351,C
C085,0.06170949019860634,0.07863814076916315,1.9943019943019942,7,5.985208888388416,351,351,14,l2,81.70547474911542,104.1195868618171,69525.0,67.69981304043002,0,0.0,351,C
A036,0.04914261808379033,0.06176924332286123,1.4245014245014245,5,4.889638695856808,351,351,14,l2,82.85431408181157,104.14276826159383,103423.0,70.95382166697539,0,0.0,351,A
D098,0.06416899963188123,0.07857473798011153,1.7094017094017095,6,6.655625903258727,351,351,14,l2,83.9103821283173,102.74799868109261,87289.0,72.67058510106897,0,0.0,351,D
E019,0.05890535919823287,0.07658911035833274,1.4245014245014245,5,5.909337918576758,351,351,14,l2,84.66630064452103,110.08364488318969,113044.0,75.86896556352727,0,0.0,351,E
C021,0.06367637432936722,0.07855311324426602,1.4245014245014245,5,6.541587285432934,351,351,14,l2,86.61583353506474,106.85192824002371,85551.0,71.48371894818641,0,0.0,351,C
E011,0.1318872257315828,0.1612372398986647,1.1396011396011396,4,12.959422797019721,351,351,14,l2,87.45438180790437,106.91636784026899,60665.0,78.44544443582383,0,0.0,351,E
A042,0.05303974768876657,0.06506920978035935,1.7094017094017095,6,5.4179700423019215,351,351,14,l2,87.82460443866863,107.74330307206824,97325.0,70.08605480142585,0,0.0,351,A
E086,0.12899832048719395,0.14996809216879856,1.1396011396011396,4,13.101005040538846,351,351,14,l2,89.98129001368267,104.60851229128194,69540.0,79.91633722533787,0,0.0,351,E
E087,0.13239212187263077,0.239425424935651,1.4245014245014245,5,11.01476357085349,351,351,14,l2,90.61693823159595,163.8768125745455,50701.0,74.61845261748127,0,0.0,351,E
E065,0.13672307259080466,0.18313509444110762,1.4245014245014245,5,13.421146370819988,351,351,14,l2,90.84371743706465,121.68153082698518,55675.0,77.00446743475194,0,0.0,351,E
E082,0.1322807860625349,0.18464195340358422,0.8547008547008548,3,12.552897725319214,351,351,14,l2,91.45878473630209,127.6612361650576,80095.0,82.21702132027633,0,0.0,351,E
D027,477.86566573600453,484.1469913758868,0.5698005698005698,2,4633.255427768048,20,351,14,l2,92.57796373233136,93.79485872809202,5560.0,99.80254891401903,0,0.0,351,D
D017,0.3972469363335729,0.4093790921693048,0.8547008547008548,3,39.63689612421699,351,351,14,l2,93.2002427551844,96.04663316279843,30350.0,83.76342008666133,0,0.0,351,D
A087,0.056595356148341505,0.06678515112661437,1.1396011396011396,4,5.871293975818346,351,351,14,l2,94.5068277125086,111.5224499114978,120734.0,74.24347708447353,0,0.0,351,A
D040,1.1456239014949487,1.1584981131022885,0.8547008547008548,3,146.66751702675475,351,351,14,l2,95.08025605256225,96.14874225864035,17060.0,88.88194227362717,0,0.0,351,D
D038,0.38356014207190287,0.42929352792546216,1.1396011396011396,4,45.10103356416593,351,351,14,l2,95.85506707197486,107.28424410987375,27233.0,81.11336152975517,0,0.0,351,D
A058,0.05998343358604719,0.07224521494814695,1.7094017094017095,6,6.099773661239514,351,351,14,l2,97.76052155821482,117.74467500738491,94500.0,69.76074647689775,0,0.0,351,A
D051,0.078157648898105,0.09174386698262829,1.9943019943019942,7,8.198104638873813,351,351,14,l2,98.23993390899474,115.31707460493394,79433.0,71.64129297593709,0,0.0,351,D
A010,0.05898916257642466,0.07488437005738405,1.7094017094017095,6,5.740436179878106,351,351,14,l2,101.09028250618333,128.33004900842505,97786.0,69.42612301116799,0,0.0,351,A
E029,0.1443049909336466,0.21338260929520123,0.8547008547008548,3,12.884696205648872,351,351,14,l2,103.1969802827509,152.59653031851212,80690.0,81.77349885989359,0,0.0,351,E
D053,0.23269302678904452,0.2439474670588079,1.1396011396011396,4,22.809814821173337,351,351,14,l2,103.35282870772662,108.35159576771554,30707.0,73.47226874671006,0,0.0,351,D
D071,0.18377454900993245,0.19799730830118983,0.8547008547008548,3,18.094042776008667,351,351,14,l2,103.85408673337368,111.8916070808855,58084.0,80.46770015100509,0,0.0,351,D
E007,0.15595064805134193,0.19170918486638025,1.1396011396011396,4,15.035943789254317,351,351,14,l2,104.23279239757468,128.13273889254435,59658.0,77.67058547826426,0,0.0,351,E
D046,0.23046878160202458,0.244385773262983,0.8547008547008548,3,22.545967200148528,351,351,14,l2,104.94996764935271,111.28743259554248,48953.0,81.07485922490892,0,0.0,351,D
D099,6.4447227241269465,6.534609513814509,0.5698005698005698,2,605.0988917574293,158,351,14,l2,106.60415993242464,108.09100523420808,14074.0,96.93505062332116,0,0.0,351,D
E097,0.1471281328538349,0.1979168952096509,1.4245014245014245,5,13.40610802638211,351,351,14,l2,109.10745681250414,146.77144797320818,56035.0,75.04251985375848,0,0.0,351,E
E093,0.1565209817661324,0.19233855582021997,1.1396011396011396,4,14.928746811040632,351,351,14,l2,111.26545938574007,136.72695845278167,61200.0,77.61277313482049,0,0.0,351,E
E079,0.0778100190325831,0.11397068250714552,1.9943019943019942,7,7.538974557196814,351,351,14,l2,112.42262000606009,164.66880346047367,98091.0,73.02947504783461,0,0.0,351,E
D069,0.09188952671307404,0.11144159109032416,1.4245014245014245,5,8.818686077867472,351,351,14,l2,112.9324901238914,136.9620329474189,85484.0,73.51122653435036,0,0.0,351,D
E084,0.1540458173158663,0.20141295469824044,1.1396011396011396,4,14.476525177525284,351,351,14,l2,112.94542772665388,147.67471596737002,60994.0,76.82831590880464,0,0.0,351,E
D095,0.25389581926734955,0.2846676684260722,0.5698005698005698,2,24.336296031228123,351,351,14,l2,113.90518736242241,127.71035065351899,66784.0,85.63588336368066,0,0.0,351,D
E017,0.16693820681802407,0.220364722982978,0.8547008547008548,3,15.804336211022537,351,351,14,l2,116.64509946767662,153.97592631108338,86168.0,82.98310830331863,0,0.0,351,E
D085,0.5135305371901813,0.5263967466769327,0.8547008547008548,3,53.121293356185184,351,351,14,l2,117.54289711793832,120.48786616744005,35032.0,85.80806348895312,0,0.0,351,D
E064,0.1602686829826477,0.22353089263885267,1.4245014245014245,5,14.690195798861078,351,351,14,l2,117.69291923326308,164.14936969521398,50237.0,73.35260706411437,0,0.0,351,E
E058,0.17391063271662513,0.217756025523693,0.8547008547008548,3,17.443116737827165,351,351,14,l2,119.0004561918751,149.00219711161964,80192.0,82.62446422683811,0,0.0,351,E
E080,0.08604957840925834,0.11025407206812232,1.4245014245014245,5,8.524859402607422,351,351,14,l2,119.50129072698401,153.11526405606352,114109.0,76.63311014553098,0,0.0,351,E
E012,0.17968964878004293,0.19621731292441694,0.8547008547008548,3,18.401250911902434,351,351,14,l2,122.17769857136035,133.41547426756551,85453.0,83.32488250092635,0,0.0,351,E
E006,0.16993590238548448,0.24182820985752385,1.4245014245014245,5,15.264495872626863,351,351,14,l2,122.32528499321621,174.0756619111448,52248.0,74.30668145746225,0,0.0,351,E
E094,0.0848540545594827,0.10847436363652184,1.4245014245014245,5,8.509839429895818,351,351,14,l2,123.31977546312238,157.64755422245213,115567.0,76.11103793466808,0,0.0,351,E
E071,0.0893364708917438,0.11257543210278619,1.9943019943019942,7,9.378019692362322,351,351,14,l2,125.38946359341446,158.00683533011315,96297.0,73.30379775742767,0,0.0,351,E
E046,0.08836517093795519,0.11984616626153057,1.7094017094017095,6,8.551544675315286,351,351,14,l2,126.56460355077485,171.65453717756213,101845.0,73.8847819620873,0,0.0,351,E
D062,0.23552158749646823,0.24467561406931582,1.1396011396011396,4,23.21377144575802,351,351,14,l2,127.60975631596392,132.56956960818903,38946.0,74.144725569707,0,0.0,351,D
E004,0.08710184396559337,0.11328722178927196,1.1396011396011396,4,8.38142530083868,351,351,14,l2,128.5878814935818,167.24518318958164,131265.0,77.96870916391457,0,0.0,351,E
E028,0.18473628504760775,0.20404552646123236,1.4245014245014245,5,19.131513221119747,351,351,14,l2,132.00486510766524,145.8024458454179,58865.0,76.63915217164879,0,0.0,351,E
E072,0.17700862856248353,0.23513777555096751,1.1396011396011396,4,16.206132392641056,351,351,14,l2,134.7065921245724,178.943866643441,65201.0,77.14633915471627,0,0.0,351,E
D100,41.46359272802336,43.60913671739427,0.5698005698005698,2,1352.5694280616685,69,351,14,l2,141.04709321156662,148.34561037199077,8049.0,98.7243959278793,0,0.0,351,D
E076,0.2068353969752306,0.23852020348066671,1.1396011396011396,4,21.320541658488732,351,351,14,l2,141.2738796057998,162.9154148799487,64456.0,78.9437585733882,0,0.0,351,E
D072,0.22130795132952052,0.22879223823881456,0.5698005698005698,2,21.91868723804238,351,351,14,l2,144.20703531704447,149.08389048726127,107350.0,86.8232477637049,0,0.0,351,D
E050,0.18945347627499048,0.24334282937157528,1.1396011396011396,4,17.59081081517267,351,351,14,l2,145.36910968023307,186.71882484472795,62444.0,76.28425180497698,0,0.0,351,E
D041,0.2282589260268006,0.2384209750363513,0.5698005698005698,2,22.48024193408191,351,351,14,l2,148.70841422030364,155.32888781905288,107091.0,86.8286631640397,0,0.0,351,D
D091,0.3930803351768851,0.40988407394143084,0.8547008547008548,3,43.032877386378445,351,351,14,l2,153.83439692851283,160.41064302290195,61142.0,86.05973594572531,0,0.0,351,D
D081,0.30917483284660946,0.3246809361142766,0.8547008547008548,3,30.10403150671308,351,351,14,l2,156.07427430890323,163.90189660460527,46562.0,78.73714826839827,0,0.0,351,D
D014,0.21061078495333194,0.22129083301673677,0.8547008547008548,3,20.76832605561669,351,351,14,l2,156.19279831803968,164.11331669777982,73139.0,79.80425104748603,0,0.0,351,D
E078,0.10625343653843927,0.15904871614714372,1.4245014245014245,5,9.638568019043182,351,351,14,l2,162.17452937371684,242.75591951631182,113290.0,74.74237006346735,0,0.0,351,E
D026,0.06225676414216008,0.07427769608254321,1.4245014245014245,5,6.100191669202464,351,351,14,l2,164.87169735159844,196.70617317230474,185897.0,73.70752035018576,0,0.0,351,D
E001,0.11214673749930622,0.13368084639866962,1.7094017094017095,6,11.342420299582884,351,351,14,l2,165.03271065553176,196.72183904622915,102289.0,73.51410788978167,0,0.0,351,E
D021,0.06337004425741977,0.07813239230822434,1.9943019943019942,7,6.262985904917732,351,351,14,l2,166.04161223069406,204.7217820079029,163315.0,71.36489763813935,0,0.0,351,D
D073,0.33067747264224906,0.36307996077617927,0.8547008547008548,3,31.303355040390123,351,351,14,l2,167.23706996036708,183.624328311064,44535.0,77.99474605954467,0,0.0,351,D
E074,0.11591460051541455,0.15039757160288156,1.4245014245014245,5,11.72585169260796,351,351,14,l2,169.01768791564012,219.29808417073045,116124.0,76.06857202748645,0,0.0,351,E
E056,0.11597622773977664,0.17396460954205525,1.7094017094017095,6,10.801288539289706,351,351,14,l2,171.47498292080036,257.2128705287813,105289.0,73.97059133477121,0,0.0,351,E
E023,0.22586435720959153,0.2823622208949013,1.4245014245014245,5,22.666764416223707,351,351,14,l2,173.2379619797567,216.5718234263893,56352.0,74.60382604090819,0,0.0,351,E
D061,0.2566113294441621,0.3205450293227853,1.4245014245014245,5,33.451563213841176,351,351,14,l2,173.4473261119934,216.6610428111496,63514.0,78.75068194217131,0,0.0,351,D
D023,0.23349461611713335,0.24147175207115543,0.8547008547008548,3,23.085123369645693,351,351,14,l2,177.76523872336458,183.8384300490442,77336.0,80.24904015772543,0,0.0,351,D
E014,0.12012563658120089,0.1955564950515064,1.1396011396011396,4,10.461342929439073,351,351,14,l2,185.18752944029592,301.4729013328646,128613.0,76.91659041570232,0,0.0,351,E
D063,0.23871215839646417,0.24320034579175012,1.1396011396011396,4,23.729019402361935,351,351,14,l2,187.68148373755054,191.2102091920807,53134.0,72.97323280183484,0,0.0,351,D
D079,0.3660167486376548,0.3706245162578532,1.1396011396011396,4,36.430138014957045,351,351,14,l2,196.04315881447036,198.51113691303817,33145.0,71.31024096385542,0,0.0,351,D
D008,0.3058778731509278,0.32996110534920425,0.8547008547008548,3,32.55446094202146,351,351,14,l2,196.38840916074057,211.8510106563855,92369.0,85.09272139363064,0,0.0,351,D
E088,0.13928342116721526,0.16800091798420846,1.9943019943019942,7,14.516632965068052,351,351,14,l2,196.53882773853385,237.06126115306748,102894.0,74.42119500358024,0,0.0,351,E
D006,0.14728738736581123,0.1594893090654005,1.4245014245014245,5,14.486375165314538,351,351,14,l2,198.95294942287148,215.43506886417077,84282.0,71.36313218123163,0,0.0,351,D
E003,0.13671792087661902,0.1849248147953451,1.4245014245014245,5,12.77473642826287,351,351,14,l2,208.7386624378946,282.3401514918525,119010.0,75.62624709276464,0,0.0,351,E
E059,0.13562911877593822,0.19001410146258332,1.4245014245014245,5,12.677672530745745,351,351,14,l2,209.75873995352316,293.8684469522881,119229.0,75.46330286842705,0,0.0,351,E
D002,1.019078928549138,1.0704310826304122,1.1396011396011396,4,141.15486085969548,351,351,14,l2,211.297741262167,221.94519344898436,32475.0,85.86272539791656,0,0.0,351,D
E070,0.1428469550212716,0.20776328145098275,1.7094017094017095,6,13.733477596119382,351,351,14,l2,211.71628013956126,307.9300436739489,113801.0,75.23585373432324,0,0.0,351,E
E066,0.1374088853508361,0.19741338942126846,1.9943019943019942,7,12.313872495686798,351,351,14,l2,215.67753451630054,309.86084343945544,94078.0,70.42873505565994,0,0.0,351,E
E042,0.1410824616560964,0.19664336297088375,1.4245014245014245,5,12.820091883266066,351,351,14,l2,216.80998024126316,302.19378893613566,117146.0,75.13982963875205,0,0.0,351,E
D043,0.17187693263505766,0.18214446098559398,1.4245014245014245,5,16.855236285134975,351,351,14,l2,225.5588485723325,239.03320977325126,83181.0,71.66019108005892,0,0.0,351,D
D084,0.21837558157327275,0.260077542389835,0.8547008547008548,3,20.47288376403563,351,351,14,l2,228.23918975065928,271.8247485352722,89906.0,77.5439443859861,0,0.0,351,D
D022,35.72457134308902,36.66227180038014,1.1396011396011396,4,2894.8900417213354,66,351,14,l2,231.03925056641614,237.1035811591536,12747.0,98.45524059627712,0,0.0,351,D
D024,0.21776572322175758,0.23468739058645888,1.1396011396011396,4,21.144262099267664,351,351,14,l2,231.49799250321166,249.48673731933832,69100.0,72.26597224401007,0,0.0,351,D
D056,1.3480385720891908,1.3703039184385317,1.1396011396011396,4,203.59481015117163,351,351,14,l2,232.2313287096558,236.06705794912003,30235.0,87.17275977395917,0,0.0,351,D
E016,0.15018038385615134,0.19733774439717083,1.4245014245014245,5,14.673521657759819,351,351,14,l2,234.9000906533625,308.65984530060734,123266.0,75.817741201363,0,0.0,351,E
E075,0.16221491669145455,0.18652616150310303,1.7094017094017095,6,16.393831423333456,351,351,14,l2,235.75049698854139,271.0825623969143,114596.0,75.86626944720291,0,0.0,351,E
D034,0.1918633982142278,0.2024235558840211,0.8547008547008548,3,18.836219197902317,351,351,14,l2,235.92747871806063,248.91292251343052,127992.0,80.62132693361552,0,0.0,351,D
D093,1.1374246977793245,1.1693217632677884,1.1396011396011396,4,152.3294385210267,351,351,14,l2,235.94919400201758,242.56597215684957,33219.0,86.1533274547435,0,0.0,351,D
E100,0.1579934976754733,0.19359756223870203,1.7094017094017095,6,15.552341524255286,351,351,14,l2,240.91127602389668,295.2009825736124,103878.0,73.2143612297543,0,0.0,351,E
E015,0.15097300217112192,0.19659891017005032,1.4245014245014245,5,14.225577184823363,351,351,14,l2,248.70974087010774,323.8728997938125,118421.0,74.14241082888286,0,0.0,351,E
D077,0.42515272432307694,0.4291441189789548,0.8547008547008548,3,42.83546879803169,351,351,14,l2,251.63832856237863,254.00074522438427,79719.0,84.24818227933717,0,0.0,351,D
D067,0.43884632732931567,0.4440431159609474,1.4245014245014245,5,44.09138998617428,351,351,14,l2,256.2362441828469,259.27057651709515,53312.0,78.52008954872157,0,0.0,351,D
D013,0.4465235303222443,0.44924255508669014,1.1396011396011396,4,45.268625055631254,351,351,14,l2,258.3895550266154,259.9629717701507,62883.0,81.23264135587965,0,0.0,351,D
D094,0.43078996593751456,0.4770882344879654,1.4245014245014245,5,51.62931360766159,351,351,14,l2,259.9958586444532,287.93838060948883,61879.0,80.20297331276814,0,0.0,351,D
E036,0.17090046229590156,0.22705138264834288,1.1396011396011396,4,16.357508697470276,351,351,14,l2,264.5178853371613,351.4276719569682,140997.0,78.42141562009856,0,0.0,351,E
E041,0.16339702884183652,0.2489086474597359,1.7094017094017095,6,14.002384780306759,351,351,14,l2,267.07500399428557,406.84508455088996,103251.0,71.42086368258316,0,0.0,351,E
D020,0.18924832126406893,0.1983203622295029,0.8547008547008548,3,18.72335628149306,351,351,14,l2,269.76296816630446,282.6946585602547,146005.0,80.35807653569482,0,0.0,351,D
D064,0.19389550370872155,0.2038485412975856,1.4245014245014245,5,19.085499626901232,351,351,14,l2,272.08731813452897,286.05409535755524,86825.0,71.16919949507368,0,0.0,351,D
D068,3.538137586183291,3.561066865765783,0.8547008547008548,3,1030.2562844885067,247,351,14,l2,278.99878094125677,280.80686242354795,33355.0,94.11416156428994,0,0.0,351,D
E053,0.19081613525098398,0.2562622566422907,1.7094017094017095,6,19.438295767745238,351,351,14,l2,284.3116924382624,381.824921661819,104793.0,73.68321134009746,0,0.0,351,E
E026,0.1835452910414856,0.20702671974513207,1.7094017094017095,6,19.713124322855496,351,351,14,l2,285.3632500690858,321.8705163308149,112400.0,74.21297274455948,0,0.0,351,E
E031,0.17884976778561446,0.24716569793388485,1.9943019943019942,7,16.02230443274781,351,351,14,l2,291.5256310340495,402.88079180800986,105928.0,71.68582971840803,0,0.0,351,E
D075,0.1862871894407257,0.19458401531460795,1.4245014245014245,5,18.433828216162564,351,351,14,l2,295.2614801344161,308.4117836807556,97024.0,71.03769924074359,0,0.0,351,D
D057,0.532407793708942,0.5475784716163156,0.8547008547008548,3,56.197977030934545,351,351,14,l2,296.6770380955326,305.13069305821983,90153.0,86.40144908090703,0,0.0,351,D
E033,0.18529871504485715,0.24737578159255674,1.7094017094017095,6,17.588667148884706,351,351,14,l2,296.9567643981124,396.44048084411486,102860.0,71.8687553276226,0,0.0,351,E
E043,0.20153041204255873,0.26279866847283345,1.4245014245014245,5,19.21436960027426,351,351,14,l2,307.51531315181217,401.0045630941121,117362.0,75.38281691588304,0,0.0,351,E
D089,0.21142400355044252,0.2228729128712718,1.4245014245014245,5,20.844195122263994,351,351,14,l2,310.93664394520465,327.77430372493865,90498.0,71.13448251467918,0,0.0,351,D
E052,0.19058387251703587,0.26743022096976576,1.9943019943019942,7,17.197821405351633,351,351,14,l2,322.2724416603457,452.2176464747208,94044.0,68.91538365710852,0,0.0,351,E
E049,0.20431896632780278,0.25348940378663387,1.1396011396011396,4,21.847332455309232,351,351,14,l2,328.081542022637,407.0360964301775,140605.0,77.76223080071235,0,0.0,351,E
D004,0.2071661878985303,0.21613183080056816,1.1396011396011396,4,20.459028306498592,351,351,14,l2,342.894273561521,357.73389406663955,112276.0,73.08350745637159,0,0.0,351,D
D001,0.29226490883318484,0.3050191347426441,1.4245014245014245,5,28.679486481967885,351,351,14,l2,345.4521262594769,360.52740326350204,70784.0,70.51884912728143,0,0.0,351,D
E009,0.23119481547275011,0.288292135101178,1.7094017094017095,6,23.884109522578893,351,351,14,l2,347.6471829540928,433.50430861006146,113903.0,74.9860104411484,0,0.0,351,E
D065,0.14384561351954792,0.17086985437830904,1.7094017094017095,6,13.784715105139195,351,351,14,l2,378.4274827442882,449.5225630253881,159109.0,70.70474108241902,0,0.0,351,D
E069,0.244612597442891,0.28312518101797257,1.1396011396011396,4,26.537794119686335,351,351,14,l2,384.5756049073937,445.124408524883,152210.0,79.46020725118113,0,0.0,351,E
D049,0.13889147156221024,0.1499392756293705,1.9943019943019942,7,13.688293191307505,351,351,14,l2,402.42596993445954,434.436022224686,151581.0,67.6800600088406,0,0.0,351,D
D045,154995.40207184773,164733.0837180283,1.4245014245014245,5,63335.63194334501,1,351,14,l2,441.5823420850363,469.32502483768747,23584.0,99.99152039345375,0,0.0,351,D
D047,0.1423341594087294,0.15258813866232707,1.1396011396011396,4,13.98272137282256,351,351,14,l2,454.0812479208797,486.7939833244576,226002.0,73.88607913586746,0,0.0,351,D
D005,0.6600409673396852,0.6704799282334437,1.1396011396011396,4,73.09531335430195,351,351,14,l2,475.5510549045593,483.07219239568036,91580.0,83.35912326373087,0,0.0,351,D
D028,0.2536452484884081,0.2611119257097573,1.1396011396011396,4,25.151401375156745,351,351,14,l2,481.9238042198686,496.11042712267806,125829.0,72.61893082015087,0,0.0,351,D
D080,0.15936713238421182,0.17405610333055355,1.7094017094017095,6,15.548325506040445,351,351,14,l2,500.9608188453646,547.1346992634082,172575.0,68.67508714961082,0,0.0,351,D
D048,0.33895283269265636,0.35779160019137435,1.9943019943019942,7,35.62480404684036,351,351,14,l2,504.021896536394,532.0350901352854,123916.0,76.68733677422549,0,0.0,351,D
D035,0.3569082756890259,0.41615569513002837,1.7094017094017095,6,45.6954273983818,351,351,14,l2,532.6800088860526,621.1058540233815,139465.0,78.64848556621384,0,0.0,351,D
D039,0.3767783012466266,0.44042694374589925,1.1396011396011396,4,47.53687914961656,351,351,14,l2,543.975550949111,635.8685958939726,169326.0,82.17434981582767,0,0.0,351,D
D033,1.125473014643847,1.1439450470732857,1.7094017094017095,6,145.0528950397005,351,351,14,l2,550.0805472398742,559.1088451867903,69659.0,84.74537093359936,0,0.0,351,D
D019,0.43755540770349577,0.4760535933498659,1.7094017094017095,6,49.36124947834708,351,351,14,l2,598.9310777702782,651.6278549450801,134552.0,79.5224586288416,0,0.0,351,D
D010,0.18117313154151143,0.1869333998492571,1.9943019943019942,7,18.003402433826775,351,351,14,l2,601.2785245180576,620.3957390820498,174561.0,67.75778748180495,0,0.0,351,D
D066,0.23797058262669848,0.2578540026962986,1.7094017094017095,6,23.02379766256573,351,351,14,l2,608.9477375334206,659.8278233497554,135275.0,67.82571636290706,0,0.0,351,D
D070,8.816947517493332,8.906554394376387,1.4245014245014245,5,2009.3740061154713,147,351,14,l2,620.3011452905423,626.6052826630499,46420.0,95.9784968468934,0,0.0,351,D
D030,0.5003556784289077,0.5046037107786778,1.1396011396011396,4,50.193162804962135,351,351,14,l2,653.8394264082868,659.3905396556848,140173.0,81.03890848123953,0,0.0,351,D
D090,0.19402591851026937,0.20474340211707365,1.7094017094017095,6,19.095993333407602,351,351,14,l2,654.0409184235173,690.1684258988253,186741.0,68.9373719475054,0,0.0,351,D
D044,0.5180392796230882,0.5212938094790832,1.9943019943019942,7,52.54870039884255,351,351,14,l2,675.081927908828,679.3230624637607,112409.0,77.40707074880524,0,0.0,351,D
D097,6.732791282930513,6.801023240800436,1.4245014245014245,5,1895.8805787247418,180,351,14,l2,677.4223844671624,684.2875691513054,50290.0,94.82953688339116,0,0.0,351,D
D009,0.20968074097634096,0.21902109779070178,1.1396011396011396,4,20.722059267085076,351,351,14,l2,751.6427313921979,785.1251164478481,235556.0,72.42283651702839,0,0.0,351,D
D078,0.6374522487668849,0.6518074051140208,1.4245014245014245,5,65.8945438660352,351,351,14,l2,772.6248153643755,790.0240010189683,137426.0,81.66653791070675,0,0.0,351,D
D015,0.22409610926473902,0.231298255276544,1.1396011396011396,4,22.162404026467,351,351,14,l2,948.0714704428462,978.5412058709143,276331.0,72.36694278074727,0,0.0,351,D
D059,0.22813149992690385,0.23571268483241287,1.9943019943019942,7,22.59283201854695,351,351,14,l2,960.6091004614397,992.5317205943292,206436.0,66.27286560896839,0,0.0,351,D
D052,0.2591483288527679,0.2664749140584959,1.4245014245014245,5,25.64960858239798,351,351,14,l2,1008.5240813189788,1037.0368548588385,225099.0,69.81480849691243,0,0.0,351,D
D050,0.25216823169436425,0.2629070834616448,1.1396011396011396,4,24.87034114961291,351,351,14,l2,1109.8965597484232,1157.1626826540207,283379.0,71.99944103560857,0,0.0,351,D
D096,0.39002451707825236,0.3975298009660612,1.9943019943019942,7,38.64205027015342,351,351,14,l2,1249.4485407745028,1273.491813930687,120671.0,60.2791390050303,0,0.0,351,D
D076,0.2775428400454454,0.28293028683914867,1.7094017094017095,6,27.586911305296937,351,351,14,l2,1275.2105099660703,1299.963909376729,232864.0,66.99714880039589,0,0.0,351,D
